รหัสเขต,ชื่อเขต,อ.1 ชาย,อ.1 หญิง,รวมอ.1,อ.1 ห้อง,อ.2 ชาย,อ.2 หญิง,รวมอ.2,อ.2 ห้อง,อ.3 ชาย,อ.3 หญิง,รวมอ.3,อ.3 ห้อง,รวมก่อนประถม ชาย,รวมก่อนประถม หญิง,รวมก่อนประถม,รวมห้องก่อนประถม,ป.1 ชาย,ป.1 หญิง,รวมป.1,ป.1 ห้อง,ป.2 ชาย,ป.2 หญิง,รวมป.2,ป.2 ห้อง,ป.3 ชาย,ป.3 หญิง,รวมป.3,ป.3 ห้อง,ป.4 ชาย,ป.4 หญิง,รวมป.4,ป.4 ห้อง,ป.5 ชาย,ป.5 หญิง,รวมป.5,ป.5 ห้อง,ป.6 ชาย,ป.6 หญิง,รวมป.6,ป.6 ห้อง,รวมประถม ชาย,รวมประถม หญิง,รวมประถม,รวมห้องประถม,ม.1 ชาย,ม.1 หญิง,รวมม.1,ม.1 ห้อง,ม.2 ชาย,ม.2 หญิง,รวมม.2,ม.2 ห้อง,ม.3 ชาย,ม.3 หญิง,รวมม.3,ม.3 ห้อง,รวมม.ต้น ชาย,รวมม.ต้น หญิง,รวมม.ต้น,รวมห้องม.ต้น,ม.4 ชาย,ม.4 หญิง,รวมม.4,ม.4 ห้อง,ม.5 ชาย,ม.5 หญิง,รวมม.5,ม.5 ห้อง,ม.6 ชาย,ม.6 หญิง,รวมม.6,ม.6 ห้อง,ปวช.1 ชาย,ปวช.1 หญิง,รวมปวช.1,ปวช.1 ห้อง,ปวช.2 ชาย,ปวช.2 หญิง,รวมปวช.2,ปวช.2 ห้อง,ปวช.3 ชาย,ปวช.3 หญิง,รวมปวช.3,ปวช.3 ห้อง,รวมม.ปลายและเทียบเท่า ชาย,รวมม.ปลายและเทียบเท่า หญิง,รวมม.ปลายและเทียบเท่า,รวมห้องม.ปลายและเทียบเท่า,รวมทั้งหมด ชาย,รวมทั้งหมด หญิง,รวมทั้งหมด,รวมห้องทั้งหมด
00100001,สพม.กรุงเทพมหานคร เขต 1,0,0,0,0,0,0,0,0,0,0,0,0,0,0,0,0,0,0,0,0,0,0,0,0,0,0,0,0,0,0,0,0,0,0,0,0,0,0,0,0,0,0,0,0,8392,8069,16461,507,8890,8458,17348,506,8743,8527,17270,509,26025,25054,51079,1522,8475,8972,17447,550,8240,8761,17001,555,8125,8687,16812,542,0,0,0,0,0,0,0,0,0,0,0,0,24840,26420,51260,1647,50865,51474,102339,3169
00100002,สพม.กรุงเทพมหานคร เขต 2,0,0,0,0,0,0,0,0,0,0,0,0,0,0,0,0,0,0,0,0,0,0,0,0,0,0,0,0,0,0,0,0,0,0,0,0,0,0,0,0,0,0,0,0,10028,10471,20499,583,10272,10765,21037,583,9672,10698,20370,576,29972,31934,61906,1742,8841,10783,19624,566,8455,10246,18701,559,8294,10099,18393,556,0,0,0,0,0,0,0,0,0,0,0,0,25590,31128,56718,1681,55562,63062,118624,3423
00100700,สำนักบริหารงานการศึกษาพิเศษ,19735,10637,30372,7781,138,78,216,135,167,103,270,151,20040,10818,30858,8067,815,462,1277,440,1043,666,1709,436,1294,831,2125,449,1522,1045,2567,451,1694,1150,2844,445,1984,1370,3354,539,8352,5524,13876,2760,3563,3078,6641,775,3696,3256,6952,771,3589,3222,6811,777,10848,9556,20404,2323,2214,2357,4571,693,2038,2195,4233,671,1785,2077,3862,476,45,18,63,33,24,18,42,33,23,19,42,33,6129,6684,12813,1939,45369,32582,77951,15089
00110001,สพม.สมุทรปราการ,0,0,0,0,0,0,0,0,0,0,0,0,0,0,0,0,0,0,0,0,0,0,0,0,0,0,0,0,0,0,0,0,0,0,0,0,0,0,0,0,0,0,0,0,4715,4816,9531,260,4738,4863,9601,263,4655,4801,9456,257,14108,14480,28588,780,3599,4373,7972,225,3514,4354,7868,230,3547,4219,7766,224,0,0,0,0,0,0,0,0,0,0,0,0,10660,12946,23606,679,24768,27426,52194,1459
00120001,สพม.นนทบุรี,0,0,0,0,0,0,0,0,0,0,0,0,0,0,0,0,0,0,0,0,0,0,0,0,0,0,0,0,0,0,0,0,0,0,0,0,0,0,0,0,0,0,0,0,3528,3742,7270,208,3662,3989,7651,208,3650,3892,7542,209,10840,11623,22463,625,2932,3746,6678,188,2826,3494,6320,187,2700,3428,6128,188,0,0,0,0,0,0,0,0,0,0,0,0,8458,10668,19126,563,19298,22291,41589,1188
00130001,สพม.ปทุมธานี,0,0,0,0,0,0,0,0,0,0,0,0,0,0,0,0,38,29,67,3,37,50,87,3,58,55,113,3,58,59,117,3,41,38,79,2,37,42,79,3,269,273,542,17,3628,3873,7501,204,3707,3976,7683,208,3576,3924,7500,206,10911,11773,22684,618,3362,4000,7362,212,3161,3878,7039,213,3147,3992,7139,212,0,0,0,0,0,0,0,0,0,0,0,0,9670,11870,21540,637,20850,23916,44766,1272
00140001,สพม.พระนครศรีอยุธยา,0,0,0,0,0,0,0,0,0,0,0,0,0,0,0,0,0,0,0,0,0,0,0,0,0,0,0,0,0,0,0,0,0,0,0,0,0,0,0,0,0,0,0,0,2269,2425,4694,133,2293,2559,4852,137,2162,2496,4658,134,6724,7480,14204,404,1994,2472,4466,130,1740,2344,4084,130,1643,2330,3973,128,0,0,0,0,9,3,12,1,0,0,0,0,5386,7149,12535,389,12110,14629,26739,793
00160001,สพม.ลพบุรี,0,0,0,0,0,0,0,0,0,0,0,0,0,0,0,0,0,0,0,0,0,0,0,0,0,0,0,0,0,0,0,0,0,0,0,0,0,0,0,0,0,0,0,0,1570,1616,3186,101,1657,1744,3401,105,1713,1701,3414,106,4940,5061,10001,312,1747,2246,3993,126,1602,2189,3791,124,1504,2154,3658,124,0,0,0,0,0,0,0,0,0,0,0,0,4853,6589,11442,374,9793,11650,21443,686
00170001,สพม.สิงห์บุรี อ่างทอง,0,0,0,0,0,0,0,0,0,0,0,0,0,0,0,0,0,0,0,0,0,0,0,0,0,0,0,0,0,0,0,0,0,0,0,0,0,0,0,0,0,0,0,0,1550,1521,3071,102,1575,1734,3309,105,1653,1760,3413,105,4778,5015,9793,312,1225,1570,2795,93,1157,1600,2757,93,1124,1473,2597,90,0,0,0,0,0,0,0,0,0,0,0,0,3506,4643,8149,276,8284,9658,17942,588
00190001,สพม.สระบุรี,0,0,0,0,0,0,0,0,0,0,0,0,0,0,0,0,0,0,0,0,0,0,0,0,0,0,0,0,0,0,0,0,0,0,0,0,0,0,0,0,0,0,0,0,2399,2368,4767,143,2488,2539,5027,143,2466,2596,5062,141,7353,7503,14856,427,1817,2300,4117,117,1630,2179,3809,114,1512,2046,3558,113,0,0,0,0,0,0,0,0,0,0,0,0,4959,6525,11484,344,12312,14028,26340,771
00200001,สพม.ชลบุรี ระยอง,0,0,0,0,0,0,0,0,0,0,0,0,0,0,0,0,21,11,32,2,20,14,34,1,16,8,24,1,17,14,31,1,22,14,36,1,18,16,34,1,114,77,191,7,8322,8957,17279,473,8400,9013,17413,473,8030,8738,16768,455,24752,26708,51460,1401,5782,8173,13955,378,5298,7793,13091,370,4966,7356,12322,362,3,30,33,1,2,22,24,1,3,41,44,2,16054,23415,39469,1114,40920,50200,91120,2522
00220001,สพม.จันทบุรี ตราด,0,0,0,0,26,13,39,3,19,27,46,3,45,40,85,6,18,27,45,2,28,34,62,2,24,29,53,2,39,30,69,2,30,26,56,3,37,30,67,2,176,176,352,13,2335,2580,4915,147,2567,2675,5242,152,2368,2647,5015,153,7270,7902,15172,452,2081,2830,4911,147,1933,2611,4544,148,1823,2505,4328,146,0,0,0,0,0,0,0,0,0,0,0,0,5837,7946,13783,441,13328,16064,29392,912
00240001,สพม.ฉะเชิงเทรา,25,20,45,2,30,31,61,3,37,45,82,3,92,96,188,8,47,47,94,3,51,50,101,4,63,62,125,4,52,50,102,4,71,60,131,4,77,72,149,4,361,341,702,23,2148,2253,4401,130,2210,2467,4677,131,2187,2343,4530,132,6545,7063,13608,393,1840,2262,4102,125,1587,2268,3855,124,1597,2212,3809,123,0,0,0,0,0,0,0,0,0,0,0,0,5024,6742,11766,372,12022,14242,26264,796
00250001,สพม.ปราจีนบุรี นครนายก,0,0,0,0,0,0,0,0,0,0,0,0,0,0,0,0,0,0,0,0,0,0,0,0,0,0,0,0,0,0,0,0,0,0,0,0,0,0,0,0,0,0,0,0,2115,2216,4331,127,2143,2380,4523,129,2108,2301,4409,127,6366,6897,13263,383,1611,2349,3960,124,1578,2233,3811,123,1376,2066,3442,116,0,0,0,0,0,0,0,0,0,0,0,0,4565,6648,11213,363,10931,13545,24476,746
00270001,สพม.สระแก้ว,0,0,0,0,0,0,0,0,0,0,0,0,0,0,0,0,0,0,0,0,0,0,0,0,0,0,0,0,0,0,0,0,0,0,0,0,0,0,0,0,0,0,0,0,1245,1431,2676,80,1360,1498,2858,85,1258,1475,2733,81,3863,4404,8267,246,1213,1663,2876,86,1116,1635,2751,88,966,1514,2480,84,30,24,54,3,13,20,33,3,25,41,66,3,3363,4897,8260,267,7226,9301,16527,513
00300001,สพม.นครราชสีมา,0,0,0,0,0,0,0,0,0,0,0,0,0,0,0,0,0,0,0,0,0,0,0,0,0,0,0,0,0,0,0,0,0,0,0,0,0,0,0,0,0,0,0,0,5349,5938,11287,329,5495,6034,11529,327,5559,5962,11521,328,16403,17934,34337,984,5004,6349,11353,337,4513,6050,10563,337,4284,6078,10362,336,69,4,73,3,47,9,56,3,72,2,74,4,13989,18492,32481,1020,30392,36426,66818,2004
00310001,สพม.บุรีรัมย์,0,0,0,0,0,0,0,0,0,0,0,0,0,0,0,0,0,0,0,0,0,0,0,0,0,0,0,0,0,0,0,0,0,0,0,0,0,0,0,0,0,0,0,0,4967,5212,10179,309,4996,5535,10531,312,4647,5458,10105,311,14610,16205,30815,932,4389,5897,10286,306,3941,5660,9601,306,3768,5488,9256,311,40,31,71,2,30,38,68,2,29,35,64,2,12197,17149,29346,929,26807,33354,60161,1861
00320001,สพม.สุรินทร์,0,0,0,0,0,0,0,0,0,0,0,0,0,0,0,0,0,0,0,0,0,0,0,0,0,0,0,0,0,0,0,0,0,0,0,0,0,0,0,0,0,0,0,0,4698,4861,9559,317,4953,5430,10383,323,4789,5249,10038,325,14440,15540,29980,965,3571,5064,8635,290,3219,4713,7932,283,2937,4423,7360,283,85,22,107,5,76,29,105,5,60,39,99,6,9948,14290,24238,872,24388,29830,54218,1837
00330001,สพม.ศรีสะเกษ ยโสธร,0,0,0,0,0,0,0,0,0,0,0,0,0,0,0,0,0,0,0,0,0,0,0,0,0,0,0,0,0,0,0,0,0,0,0,0,0,0,0,0,0,0,0,0,4995,5378,10373,352,5246,5756,11002,362,5460,5815,11275,358,15701,16949,32650,1072,3955,5719,9674,332,3671,5478,9149,326,3896,5635,9531,328,41,14,55,3,32,8,40,3,32,8,40,3,11627,16862,28489,995,27328,33811,61139,2067
00340001,สพม.อุบลราชธานี อำนาจเจริญ,0,0,0,0,0,0,0,0,0,0,0,0,0,0,0,0,0,0,0,0,0,0,0,0,0,0,0,0,0,0,0,0,0,0,0,0,0,0,0,0,0,0,0,0,5754,6687,12441,382,6138,7030,13168,385,6012,7067,13079,393,17904,20784,38688,1160,4484,6738,11222,349,4181,6253,10434,341,4053,6441,10494,352,0,0,0,0,0,0,0,0,0,0,0,0,12718,19432,32150,1042,30622,40216,70838,2202
00360001,สพม.ชัยภูมิ,0,0,0,0,0,0,0,0,0,0,0,0,0,0,0,0,0,0,0,0,0,0,0,0,0,0,0,0,0,0,0,0,0,0,0,0,0,0,0,0,0,0,0,0,2608,2863,5471,167,2690,3107,5797,173,2598,3046,5644,175,7896,9016,16912,515,2195,2986,5181,157,2068,2931,4999,157,2007,2812,4819,154,0,0,0,0,0,0,0,0,0,0,0,0,6270,8729,14999,468,14166,17745,31911,983
00380001,สพม.บึงกาฬ,0,0,0,0,0,0,0,0,0,0,0,0,0,0,0,0,0,0,0,0,0,0,0,0,0,0,0,0,0,0,0,0,0,0,0,0,0,0,0,0,0,0,0,0,1790,1910,3700,116,1957,2212,4169,122,1867,2107,3974,116,5614,6229,11843,354,1283,1724,3007,90,1177,1582,2759,91,1059,1716,2775,92,0,0,0,0,0,0,0,0,0,0,0,0,3519,5022,8541,273,9133,11251,20384,627
00400001,สพม.ขอนแก่น,0,0,0,0,0,0,0,0,0,0,0,0,0,0,0,0,0,0,0,0,0,0,0,0,0,0,0,0,0,0,0,0,0,0,0,0,0,0,0,0,0,0,0,0,5160,5159,10319,320,5326,5497,10823,325,5368,5613,10981,324,15854,16269,32123,969,4130,5407,9537,302,3923,5311,9234,292,3725,5125,8850,289,0,0,0,0,0,0,0,0,0,0,0,0,11778,15843,27621,883,27632,32112,59744,1852
00410001,สพม.อุดรธานี,0,0,0,0,0,0,0,0,0,0,0,0,0,0,0,0,0,0,0,0,0,0,0,0,0,0,0,0,0,0,0,0,0,0,0,0,0,0,0,0,0,0,0,0,3731,4533,8264,253,3975,4848,8823,258,4113,4737,8850,258,11819,14118,25937,769,2787,4424,7211,233,2681,4112,6793,227,2683,4212,6895,224,0,0,0,0,0,0,0,0,0,0,0,0,8151,12748,20899,684,19970,26866,46836,1453
00420001,สพม.เลย หนองบัวลำภู,0,0,0,0,0,0,0,0,0,0,0,0,0,0,0,0,0,0,0,0,0,0,0,0,0,0,0,0,0,0,0,0,0,0,0,0,0,0,0,0,0,0,0,0,3481,3772,7253,233,3617,4226,7843,233,3467,3951,7418,237,10565,11949,22514,703,2749,3805,6554,220,2710,3615,6325,220,2535,3598,6133,213,0,0,0,0,0,0,0,0,0,0,0,0,7994,11018,19012,653,18559,22967,41526,1356
00430001,สพม.หนองคาย,0,0,0,0,0,0,0,0,0,0,0,0,0,0,0,0,0,0,0,0,0,0,0,0,0,0,0,0,0,0,0,0,0,0,0,0,0,0,0,0,0,0,0,0,1893,1917,3810,126,2005,1985,3990,130,1977,2126,4103,136,5875,6028,11903,392,1407,1788,3195,110,1275,1599,2874,102,1199,1629,2828,105,0,0,0,0,0,0,0,0,0,0,0,0,3881,5016,8897,317,9756,11044,20800,709
00440001,สพม.มหาสารคาม,0,0,0,0,0,0,0,0,0,0,0,0,0,0,0,0,0,0,0,0,0,0,0,0,0,0,0,0,0,0,0,0,0,0,0,0,0,0,0,0,0,0,0,0,2507,2833,5340,162,2703,3049,5752,169,2748,2998,5746,168,7958,8880,16838,499,2187,2843,5030,151,1954,2808,4762,150,1959,2747,4706,151,7,7,14,1,5,17,22,1,9,16,25,1,6121,8438,14559,455,14079,17318,31397,954
00450001,สพม.ร้อยเอ็ด,0,0,0,0,0,0,0,0,0,0,0,0,0,0,0,0,0,0,0,0,0,0,0,0,0,0,0,0,0,0,0,0,0,0,0,0,0,0,0,0,0,0,0,0,3444,3720,7164,233,3675,4115,7790,239,3627,3941,7568,233,10746,11776,22522,705,2846,3862,6708,221,2744,3881,6625,227,2624,3726,6350,221,0,0,0,0,0,0,0,0,0,0,0,0,8214,11469,19683,669,18960,23245,42205,1374
00460001,สพม.กาฬสินธุ์,0,0,0,0,0,0,0,0,0,0,0,0,0,0,0,0,0,0,0,0,0,0,0,0,0,0,0,0,0,0,0,0,0,0,0,0,0,0,0,0,0,0,0,0,2882,3006,5888,187,3142,3353,6495,198,3080,3270,6350,197,9104,9629,18733,582,2411,3050,5461,176,2254,3114,5368,176,2249,2986,5235,180,0,0,0,0,0,0,0,0,0,0,0,0,6914,9150,16064,532,16018,18779,34797,1114
00470001,สพม.สกลนคร,0,0,0,0,0,0,0,0,0,0,0,0,0,0,0,0,0,0,0,0,0,0,0,0,0,0,0,0,0,0,0,0,0,0,0,0,0,0,0,0,0,0,0,0,3647,3968,7615,237,3948,4397,8345,247,3790,4378,8168,241,11385,12743,24128,725,2877,4187,7064,226,2730,4127,6857,224,2655,4114,6769,221,0,0,0,0,0,0,0,0,0,0,0,0,8262,12428,20690,671,19647,25171,44818,1396
00480001,สพม.นครพนม,0,0,0,0,0,0,0,0,0,0,0,0,0,0,0,0,0,0,0,0,0,0,0,0,0,0,0,0,0,0,0,0,0,0,0,0,0,0,0,0,0,0,0,0,2844,2906,5750,194,2940,3115,6055,198,2726,3059,5785,192,8510,9080,17590,584,1941,2681,4622,159,1767,2420,4187,157,1717,2456,4173,159,4,9,13,1,1,12,13,1,3,14,17,1,5433,7592,13025,478,13943,16672,30615,1062
00490001,สพม.มุกดาหาร,0,0,0,0,0,0,0,0,0,0,0,0,0,0,0,0,0,0,0,0,0,0,0,0,0,0,0,0,0,0,0,0,0,0,0,0,0,0,0,0,0,0,0,0,1332,1367,2699,92,1474,1462,2936,95,1358,1483,2841,94,4164,4312,8476,281,983,1353,2336,86,921,1315,2236,82,899,1274,2173,84,0,0,0,0,0,0,0,0,0,0,0,0,2803,3942,6745,252,6967,8254,15221,533
00500001,สพม.เชียงใหม่,0,0,0,0,0,0,0,0,0,0,0,0,0,0,0,0,0,0,0,0,0,0,0,0,0,0,0,0,0,0,0,0,0,0,0,0,0,0,0,0,0,0,0,0,3900,4401,8301,230,3889,4257,8146,230,3528,3895,7423,220,11317,12553,23870,680,3410,4661,8071,241,3082,4209,7291,233,2840,3989,6829,234,27,0,27,1,27,0,27,1,32,0,32,1,9418,12859,22277,711,20735,25412,46147,1391
00520001,สพม.ลำปาง ลำพูน,0,0,0,0,0,0,0,0,0,0,0,0,0,0,0,0,0,0,0,0,0,0,0,0,0,0,0,0,0,0,0,0,0,0,0,0,0,0,0,0,0,0,0,0,2589,2913,5502,172,2700,2989,5689,174,2651,2854,5505,171,7940,8756,16696,517,2238,2992,5230,181,2136,2849,4985,182,1981,2776,4757,179,0,8,8,1,1,2,3,1,2,17,19,1,6358,8644,15002,545,14298,17400,31698,1062
00540001,สพม.แพร่,0,0,0,0,0,0,0,0,0,0,0,0,0,0,0,0,0,0,0,0,0,0,0,0,0,0,0,0,0,0,0,0,0,0,0,0,0,0,0,0,0,0,0,0,1069,1129,2198,68,1090,1217,2307,71,1127,1216,2343,71,3286,3562,6848,210,894,1157,2051,67,808,1136,1944,65,808,1097,1905,66,0,0,0,0,0,0,0,0,0,0,0,0,2510,3390,5900,198,5796,6952,12748,408
00550001,สพม.น่าน,0,0,0,0,0,0,0,0,0,0,0,0,0,0,0,0,0,0,0,0,0,0,0,0,0,0,0,0,0,0,0,0,0,0,0,0,0,0,0,0,0,0,0,0,1396,1476,2872,91,1380,1606,2986,91,1351,1506,2857,90,4127,4588,8715,272,1191,1642,2833,101,1090,1601,2691,103,1074,1515,2589,101,0,0,0,0,0,0,0,0,0,0,0,0,3355,4758,8113,305,7482,9346,16828,577
00560001,สพม.พะเยา,0,0,0,0,0,0,0,0,0,0,0,0,0,0,0,0,0,0,0,0,0,0,0,0,0,0,0,0,0,0,0,0,0,0,0,0,0,0,0,0,0,0,0,0,1188,1308,2496,81,1213,1361,2574,82,1207,1369,2576,83,3608,4038,7646,246,1054,1372,2426,82,1057,1263,2320,81,1031,1230,2261,83,0,0,0,0,0,0,0,0,0,0,0,0,3142,3865,7007,246,6750,7903,14653,492
00570001,สพม.เชียงราย,0,0,0,0,0,0,0,0,0,0,0,0,0,0,0,0,0,0,0,0,0,0,0,0,0,0,0,0,0,0,0,0,0,0,0,0,0,0,0,0,0,0,0,0,2848,3033,5881,183,2962,3077,6039,183,2797,3041,5838,183,8607,9151,17758,549,2820,3394,6214,199,2509,3178,5687,192,2403,2998,5401,189,0,0,0,0,0,0,0,0,0,0,0,0,7732,9570,17302,580,16339,18721,35060,1129
00580001,สพม.แม่ฮ่องสอน,0,0,0,0,0,0,0,0,0,0,0,0,0,0,0,0,0,0,0,0,0,0,0,0,0,0,0,0,0,0,0,0,0,0,0,0,0,0,0,0,0,0,0,0,663,839,1502,47,699,763,1462,44,650,766,1416,43,2012,2368,4380,134,746,1053,1799,55,590,958,1548,52,590,921,1511,53,0,0,0,0,0,0,0,0,0,0,0,0,1926,2932,4858,160,3938,5300,9238,294
00600001,สพม.นครสวรรค์,0,0,0,0,0,0,0,0,0,0,0,0,0,0,0,0,0,0,0,0,0,0,0,0,0,0,0,0,0,0,0,0,0,0,0,0,0,0,0,0,0,0,0,0,2745,2985,5730,168,2959,3054,6013,172,2833,3080,5913,173,8537,9119,17656,513,2407,3147,5554,165,2262,3161,5423,162,2233,2818,5051,161,42,38,80,2,33,46,79,2,21,47,68,2,6998,9257,16255,494,15535,18376,33911,1007
00610001,สพม.อุทัยธานี ชัยนาท,0,0,0,0,0,0,0,0,0,0,0,0,0,0,0,0,0,0,0,0,0,0,0,0,0,0,0,0,0,0,0,0,0,0,0,0,0,0,0,0,0,0,0,0,1874,1960,3834,126,1900,2083,3983,128,2002,1994,3996,129,5776,6037,11813,383,1689,1927,3616,124,1449,1985,3434,122,1465,1923,3388,125,0,0,0,0,0,0,0,0,0,0,0,0,4603,5835,10438,371,10379,11872,22251,754
00620001,สพม.กำแพงเพชร,0,0,0,0,0,0,0,0,0,0,0,0,0,0,0,0,0,0,0,0,0,0,0,0,0,0,0,0,0,0,0,0,0,0,0,0,0,0,0,0,0,0,0,0,2502,2560,5062,150,2531,2786,5317,154,2485,2637,5122,150,7518,7983,15501,454,2146,2551,4697,139,1999,2555,4554,138,1745,2436,4181,136,17,21,38,1,5,29,34,1,8,30,38,1,5920,7622,13542,416,13438,15605,29043,870
00630001,สพม.ตาก,0,0,0,0,0,0,0,0,0,0,0,0,0,0,0,0,0,0,0,0,0,0,0,0,0,0,0,0,0,0,0,0,0,0,0,0,0,0,0,0,0,0,0,0,1456,1554,3010,89,1368,1570,2938,89,1237,1568,2805,89,4061,4692,8753,267,1380,1875,3255,101,1143,1727,2870,98,1104,1700,2804,97,0,0,0,0,0,0,0,0,0,0,0,0,3627,5302,8929,296,7688,9994,17682,563
00640001,สพม.สุโขทัย,0,0,0,0,0,0,0,0,0,0,0,0,0,0,0,0,0,0,0,0,0,0,0,0,0,0,0,0,0,0,0,0,0,0,0,0,0,0,0,0,0,0,0,0,1587,1696,3283,109,1735,1898,3633,112,1637,1878,3515,111,4959,5472,10431,332,1421,1825,3246,103,1355,1719,3074,103,1257,1622,2879,102,0,0,0,0,0,0,0,0,0,0,0,0,4033,5166,9199,308,8992,10638,19630,640
00650001,สพม.พิษณุโลก อุตรดิตถ์,0,0,0,0,0,0,0,0,0,0,0,0,0,0,0,0,0,0,0,0,0,0,0,0,0,0,0,0,0,0,0,0,0,0,0,0,0,0,0,0,0,0,0,0,3146,3406,6552,207,3374,3614,6988,211,3340,3604,6944,209,9860,10624,20484,627,3323,4238,7561,236,3103,4073,7176,234,3042,3928,6970,235,0,0,0,0,0,0,0,0,0,0,0,0,9468,12239,21707,705,19328,22863,42191,1332
00660001,สพม.พิจิตร,0,0,0,0,0,0,0,0,0,0,0,0,0,0,0,0,0,0,0,0,0,0,0,0,0,0,0,0,0,0,0,0,0,0,0,0,0,0,0,0,0,0,0,0,1477,1603,3080,96,1577,1672,3249,96,1536,1632,3168,97,4590,4907,9497,289,1457,1732,3189,109,1420,1671,3091,108,1201,1603,2804,105,0,0,0,0,0,0,0,0,0,0,0,0,4078,5006,9084,322,8668,9913,18581,611
00670001,สพม.เพชรบูรณ์,0,0,0,0,0,0,0,0,0,0,0,0,0,0,0,0,0,0,0,0,0,0,0,0,0,0,0,0,0,0,0,0,0,0,0,0,0,0,0,0,0,0,0,0,2202,2399,4601,143,2220,2604,4824,145,2254,2426,4680,142,6676,7429,14105,430,1967,2755,4722,154,1861,2676,4537,151,1738,2508,4246,150,0,0,0,0,0,0,0,0,0,0,0,0,5566,7939,13505,455,12242,15368,27610,885
00700001,สพม.ราชบุรี,0,0,0,0,0,0,0,0,0,0,0,0,0,0,0,0,0,0,0,0,0,0,0,0,0,0,0,0,0,0,0,0,0,0,0,0,0,0,0,0,0,0,0,0,2472,2555,5027,142,2537,2493,5030,148,2535,2604,5139,152,7544,7652,15196,442,2040,2343,4383,128,1829,2346,4175,130,1631,2282,3913,130,0,0,0,0,0,0,0,0,0,0,0,0,5500,6971,12471,388,13044,14623,27667,830
00710001,สพม.กาญจนบุรี,0,0,0,0,0,0,0,0,0,0,0,0,0,0,0,0,0,0,0,0,0,0,0,0,0,0,0,0,0,0,0,0,0,0,0,0,0,0,0,0,0,0,0,0,2858,2895,5753,185,3010,3058,6068,184,2855,3078,5933,181,8723,9031,17754,550,2450,3245,5695,182,2183,2942,5125,174,2191,2866,5057,177,215,119,334,18,192,83,275,16,147,100,247,14,7378,9355,16733,581,16101,18386,34487,1131
00720001,สพม.สุพรรณบุรี,0,0,0,0,0,0,0,0,0,0,0,0,0,0,0,0,0,0,0,0,0,0,0,0,0,0,0,0,0,0,0,0,0,0,0,0,0,0,0,0,0,0,0,0,2944,3176,6120,184,3214,3273,6487,187,3066,3318,6384,187,9224,9767,18991,558,2406,3110,5516,165,2376,3032,5408,163,2166,2822,4988,161,97,121,218,7,112,122,234,8,93,125,218,9,7250,9332,16582,513,16474,19099,35573,1071
00730001,สพม.นครปฐม,0,0,0,0,0,0,0,0,0,0,0,0,0,0,0,0,0,0,0,0,0,0,0,0,0,0,0,0,0,0,0,0,128,0,128,4,124,0,124,4,252,0,252,8,3457,3328,6785,187,3611,3366,6977,193,3367,3438,6805,186,10435,10132,20567,566,2681,3170,5851,174,2401,3052,5453,173,2338,3045,5383,173,0,0,0,0,0,0,0,0,0,0,0,0,7420,9267,16687,520,18107,19399,37506,1094
00740001,สพม.สมุทรสาคร สมุทรสงคราม,0,0,0,0,0,0,0,0,0,0,0,0,0,0,0,0,0,0,0,0,0,0,0,0,0,0,0,0,0,0,0,0,0,0,0,0,0,0,0,0,0,0,0,0,2065,2066,4131,117,2081,2099,4180,121,1940,2076,4016,122,6086,6241,12327,360,1570,1850,3420,100,1443,1729,3172,99,1331,1735,3066,99,0,0,0,0,0,0,0,0,0,0,0,0,4344,5314,9658,298,10430,11555,21985,658
00760001,สพม.เพชรบุรี,0,0,0,0,0,0,0,0,0,0,0,0,0,0,0,0,0,0,0,0,0,0,0,0,0,0,0,0,0,0,0,0,0,0,0,0,0,0,0,0,0,0,0,0,1657,1603,3260,102,1735,1688,3423,104,1675,1661,3336,103,5067,4952,10019,309,1363,1692,3055,98,1340,1608,2948,96,1187,1609,2796,95,0,0,0,0,0,0,0,0,0,0,0,0,3890,4909,8799,289,8957,9861,18818,598
00770001,สพม.ประจวบคีรีขันธ์,0,0,0,0,0,0,0,0,0,0,0,0,0,0,0,0,0,0,0,0,0,0,0,0,0,0,0,0,0,0,0,0,0,0,0,0,0,0,0,0,0,0,0,0,1828,1777,3605,106,1740,1833,3573,103,1749,1837,3586,102,5317,5447,10764,311,1306,1672,2978,94,1113,1473,2586,88,931,1385,2316,82,0,0,0,0,0,0,0,0,0,0,0,0,3350,4530,7880,264,8667,9977,18644,575
00800001,สพม.นครศรีธรรมราช,0,0,0,0,0,0,0,0,0,0,0,0,0,0,0,0,0,0,0,0,0,0,0,0,0,0,0,0,0,0,0,0,0,0,0,0,0,0,0,0,0,0,0,0,5484,6000,11484,339,5754,6006,11760,340,5214,5724,10938,335,16452,17730,34182,1014,3883,5234,9117,287,3512,4972,8484,285,3459,4970,8429,281,0,0,0,0,0,0,0,0,0,0,0,0,10854,15176,26030,853,27306,32906,60212,1867
00820001,สพม.พังงา ภูเก็ต ระนอง,0,0,0,0,0,0,0,0,0,0,0,0,0,0,0,0,0,0,0,0,0,0,0,0,0,0,0,0,0,0,0,0,0,0,0,0,0,0,0,0,0,0,0,0,2667,2884,5551,167,2628,3022,5650,168,2575,2895,5470,163,7870,8801,16671,498,2009,2698,4707,149,1881,2606,4487,147,1744,2521,4265,146,0,0,0,0,0,0,0,0,1,0,1,1,5635,7825,13460,443,13505,16626,30131,941
00840001,สพม.สุราษฎร์ธานี ชุมพร,0,0,0,0,0,0,0,0,0,0,0,0,0,0,0,0,0,0,0,0,0,0,0,0,0,0,0,0,0,0,0,0,0,0,0,0,0,0,0,0,0,0,0,0,5843,6093,11936,342,5862,6248,12110,346,5433,6077,11510,342,17138,18418,35556,1030,4632,5794,10426,305,4154,5870,10024,307,4019,5502,9521,303,0,0,0,0,0,0,0,0,0,0,0,0,12805,17166,29971,915,29943,35584,65527,1945
00900001,สพม.สงขลา สตูล,0,0,0,0,0,0,0,0,0,0,0,0,0,0,0,0,0,0,0,0,0,0,0,0,0,0,0,0,0,0,0,0,0,0,0,0,0,0,0,0,0,0,0,0,4964,5310,10274,296,4796,5428,10224,301,4640,5201,9841,300,14400,15939,30339,897,3427,5009,8436,267,3153,4814,7967,262,3035,4797,7832,257,16,37,53,3,32,61,93,3,25,56,81,3,9688,14774,24462,795,24088,30713,54801,1692
00920001,สพม.ตรัง กระบี่,0,0,0,0,0,0,0,0,0,0,0,0,0,0,0,0,0,0,0,0,0,0,0,0,0,0,0,0,0,0,0,0,0,0,0,0,0,0,0,0,0,0,0,0,4023,4212,8235,244,3983,4263,8246,244,3605,4154,7759,243,11611,12629,24240,731,3192,4341,7533,221,2937,4032,6969,218,2785,4030,6815,217,0,0,0,0,0,0,0,0,0,0,0,0,8914,12403,21317,656,20525,25032,45557,1387
00930001,สพม.พัทลุง,0,0,0,0,0,0,0,0,0,0,0,0,0,0,0,0,0,0,0,0,0,0,0,0,0,0,0,0,0,0,0,0,0,0,0,0,0,0,0,0,0,0,0,0,1613,1654,3267,103,1640,1721,3361,102,1533,1589,3122,106,4786,4964,9750,311,1155,1615,2770,99,1099,1622,2721,99,1004,1495,2499,98,0,0,0,0,0,0,0,0,0,0,0,0,3258,4732,7990,296,8044,9696,17740,607
00940001,สพม.ปัตตานี,0,0,0,0,0,0,0,0,0,0,0,0,0,0,0,0,0,0,0,0,0,0,0,0,0,0,0,0,0,0,0,0,0,0,0,0,0,0,0,0,0,0,0,0,1008,1132,2140,65,929,1079,2008,62,825,965,1790,60,2762,3176,5938,187,751,1167,1918,70,585,1066,1651,65,530,1001,1531,62,0,0,0,0,0,0,0,0,0,0,0,0,1866,3234,5100,197,4628,6410,11038,384
00950001,สพม.ยะลา,0,0,0,0,0,0,0,0,0,0,0,0,0,0,0,0,0,0,0,0,0,0,0,0,0,0,0,0,0,0,0,0,0,0,0,0,0,0,0,0,0,0,0,0,667,820,1487,49,720,852,1572,47,666,794,1460,47,2053,2466,4519,143,562,891,1453,54,497,835,1332,52,474,799,1273,50,0,0,0,0,0,0,0,0,0,0,0,0,1533,2525,4058,156,3586,4991,8577,299
00960001,สพม.นราธิวาส,0,0,0,0,0,0,0,0,0,0,0,0,0,0,0,0,0,0,0,0,0,0,0,0,0,0,0,0,0,0,0,0,0,0,0,0,0,0,0,0,0,0,0,0,1379,1360,2739,92,1233,1410,2643,88,1199,1387,2586,87,3811,4157,7968,267,1184,1736,2920,98,1011,1653,2664,93,868,1509,2377,88,0,0,0,0,0,0,0,0,0,0,0,0,3063,4898,7961,279,6874,9055,15929,546
10010000,สพป.กรุงเทพมหานคร,626,586,1212,62,775,739,1514,69,809,814,1623,72,2210,2139,4349,203,1380,1254,2634,109,1454,1377,2831,110,1493,1473,2966,111,1514,1397,2911,113,1596,1520,3116,113,1627,1494,3121,114,9064,8515,17579,670,218,139,357,12,269,195,464,13,217,197,414,14,704,531,1235,39,49,45,94,5,64,49,113,5,54,43,97,5,0,0,0,0,0,0,0,0,0,0,0,0,167,137,304,15,12145,11322,23467,927
11010000,สพป.สมุทรปราการ เขต 1,475,532,1007,44,1002,930,1932,98,1117,1065,2182,102,2594,2527,5121,244,1970,1655,3625,136,1868,1789,3657,135,1955,1871,3826,138,1972,1711,3683,137,1923,1712,3635,134,2018,1777,3795,138,11706,10515,22221,818,693,552,1245,42,755,587,1342,45,648,568,1216,41,2096,1707,3803,128,18,13,31,2,7,10,17,2,12,9,21,2,0,0,0,0,0,0,0,0,0,0,0,0,37,32,69,6,16433,14781,31214,1196
11020000,สพป.สมุทรปราการ เขต 2,109,108,217,14,1102,1052,2154,110,1204,1137,2341,111,2415,2297,4712,235,1764,1748,3512,137,1916,1718,3634,133,1934,1755,3689,134,1939,1743,3682,133,1829,1812,3641,130,1864,1746,3610,132,11246,10522,21768,799,436,294,730,23,404,313,717,25,369,307,676,24,1209,914,2123,72,0,0,0,0,0,0,0,0,0,0,0,0,0,0,0,0,0,0,0,0,0,0,0,0,0,0,0,0,14870,13733,28603,1106
12010000,สพป.นนทบุรี เขต 1,106,121,227,10,511,480,991,55,579,583,1162,58,1196,1184,2380,123,790,770,1560,62,843,805,1648,64,898,857,1755,63,927,829,1756,64,918,882,1800,66,963,848,1811,65,5339,4991,10330,384,212,163,375,14,224,191,415,14,225,189,414,13,661,543,1204,41,66,46,112,3,63,56,119,3,55,59,114,3,0,0,0,0,0,0,0,0,0,0,0,0,184,161,345,9,7380,6879,14259,557
12020000,สพป.นนทบุรี เขต 2,136,117,253,16,958,929,1887,97,1094,1064,2158,98,2188,2110,4298,211,1345,1177,2522,104,1417,1372,2789,105,1473,1330,2803,104,1432,1292,2724,106,1408,1323,2731,101,1416,1308,2724,104,8491,7802,16293,624,473,340,813,28,510,371,881,28,418,363,781,27,1401,1074,2475,83,0,0,0,0,0,0,0,0,0,0,0,0,0,0,0,0,0,0,0,0,0,0,0,0,0,0,0,0,12080,10986,23066,918
13010000,สพป.ปทุมธานี เขต 1,308,314,622,39,1407,1322,2729,153,1502,1478,2980,154,3217,3114,6331,346,2104,1971,4075,170,2213,2084,4297,169,2238,2142,4380,173,2205,2138,4343,169,2242,2106,4348,167,2214,2085,4299,169,13216,12526,25742,1017,695,543,1238,46,751,608,1359,49,693,558,1251,44,2139,1709,3848,139,39,17,56,2,57,23,80,2,51,34,85,2,0,0,0,0,0,0,0,0,0,0,0,0,147,74,221,6,18719,17423,36142,1508
13020000,สพป.ปทุมธานี เขต 2,85,107,192,11,879,787,1666,88,993,881,1874,90,1957,1775,3732,189,1481,1415,2896,112,1574,1555,3129,113,1598,1532,3130,113,1609,1442,3051,113,1538,1508,3046,114,1633,1469,3102,114,9433,8921,18354,679,915,700,1615,52,908,743,1651,50,849,701,1550,49,2672,2144,4816,151,104,89,193,5,87,93,180,5,80,75,155,5,0,0,0,0,0,0,0,0,0,0,0,0,271,257,528,15,14333,13097,27430,1034
14010000,สพป.พระนครศรีอยุธยา เขต 1,235,227,462,26,1365,1248,2613,192,1392,1338,2730,191,2992,2813,5805,409,1633,1557,3190,196,1745,1636,3381,198,1785,1704,3489,198,1748,1695,3443,202,1863,1711,3574,201,1894,1820,3714,202,10668,10123,20791,1197,933,674,1607,67,949,734,1683,69,869,665,1534,65,2751,2073,4824,201,83,87,170,4,65,80,145,4,58,64,122,4,0,0,0,0,0,0,0,0,0,0,0,0,206,231,437,12,16617,15240,31857,1819
14020000,สพป.พระนครศรีอยุธยา เขต 2,67,88,155,19,816,712,1528,157,906,832,1738,158,1789,1632,3421,334,1003,986,1989,162,1115,969,2084,165,1172,1040,2212,165,1121,1022,2143,166,1228,1088,2316,169,1220,1083,2303,166,6859,6188,13047,993,555,390,945,55,527,435,962,55,542,400,942,54,1624,1225,2849,164,0,0,0,0,0,0,0,0,0,0,0,0,0,0,0,0,0,0,0,0,0,0,0,0,0,0,0,0,10272,9045,19317,1491
15010000,สพป.อ่างทอง,143,132,275,32,616,566,1182,134,664,639,1303,134,1423,1337,2760,300,790,794,1584,142,893,858,1751,145,942,884,1826,143,945,937,1882,143,1000,961,1961,143,1076,984,2060,147,5646,5418,11064,863,267,193,460,37,278,220,498,38,226,213,439,38,771,626,1397,113,0,0,0,0,0,0,0,0,0,0,0,0,0,0,0,0,0,0,0,0,0,0,0,0,0,0,0,0,7840,7381,15221,1276
16010000,สพป.ลพบุรี เขต 1,157,132,289,42,819,745,1564,146,907,846,1753,149,1883,1723,3606,337,1011,913,1924,154,1071,1067,2138,157,1047,1061,2108,153,1168,1044,2212,155,1143,1082,2225,157,1197,1117,2314,155,6637,6284,12921,931,454,355,809,40,483,440,923,41,446,381,827,39,1383,1176,2559,120,0,0,0,0,0,0,0,0,0,0,0,0,0,0,0,0,0,0,0,0,0,0,0,0,0,0,0,0,9903,9183,19086,1388
16020000,สพป.ลพบุรี เขต 2,32,31,63,12,774,674,1448,127,742,788,1530,127,1548,1493,3041,266,902,800,1702,135,988,875,1863,135,942,885,1827,134,994,905,1899,136,1034,961,1995,137,1002,965,1967,135,5862,5391,11253,812,534,428,962,46,563,461,1024,46,496,398,894,46,1593,1287,2880,138,33,25,58,4,18,24,42,4,25,18,43,4,0,0,0,0,0,0,0,0,0,0,0,0,76,67,143,12,9079,8238,17317,1228
17010000,สพป.สิงห์บุรี,14,13,27,4,429,402,831,93,452,426,878,92,895,841,1736,189,500,523,1023,96,555,543,1098,98,606,549,1155,98,639,547,1186,98,665,590,1255,97,681,637,1318,101,3646,3389,7035,588,253,190,443,37,287,199,486,37,270,203,473,36,810,592,1402,110,0,0,0,0,0,0,0,0,0,0,0,0,0,0,0,0,0,0,0,0,0,0,0,0,0,0,0,0,5351,4822,10173,887
18010000,สพป.ชัยนาท,110,93,203,24,654,631,1285,150,717,687,1404,156,1481,1411,2892,330,818,787,1605,160,861,823,1684,159,985,862,1847,159,982,885,1867,160,1014,940,1954,164,1079,975,2054,164,5739,5272,11011,966,411,241,652,46,418,291,709,48,405,320,725,48,1234,852,2086,142,0,0,0,0,0,0,0,0,0,0,0,0,0,0,0,0,0,0,0,0,0,0,0,0,0,0,0,0,8454,7535,15989,1438
19010000,สพป.สระบุรี เขต 1,48,43,91,13,752,724,1476,127,753,761,1514,128,1553,1528,3081,268,1025,894,1919,136,1013,1007,2020,135,1031,1017,2048,134,1067,1053,2120,136,1120,1097,2217,134,1153,1086,2239,137,6409,6154,12563,812,262,177,439,18,264,190,454,18,231,190,421,17,757,557,1314,53,0,0,0,0,0,0,0,0,0,0,0,0,0,0,0,0,0,0,0,0,0,0,0,0,0,0,0,0,8719,8239,16958,1133
19020000,สพป.สระบุรี เขต 2,232,230,462,44,903,864,1767,144,1007,932,1939,146,2142,2026,4168,334,1119,1025,2144,147,1141,1038,2179,149,1206,1123,2329,146,1163,1109,2272,148,1287,1122,2409,151,1244,1195,2439,149,7160,6612,13772,890,604,504,1108,47,637,446,1083,46,568,466,1034,44,1809,1416,3225,137,0,0,0,0,0,0,0,0,0,0,0,0,0,0,0,0,0,0,0,0,0,0,0,0,0,0,0,0,11111,10054,21165,1361
20010000,สพป.ชลบุรี เขต 1,408,406,814,52,1124,1059,2183,111,1214,1141,2355,117,2746,2606,5352,280,1760,1538,3298,133,1725,1574,3299,134,1738,1636,3374,133,1676,1568,3244,132,1600,1544,3144,128,1628,1572,3200,130,10127,9432,19559,790,637,518,1155,40,644,552,1196,39,565,483,1048,35,1846,1553,3399,114,0,0,0,0,0,0,0,0,0,0,0,0,0,0,0,0,0,0,0,0,0,0,0,0,0,0,0,0,14719,13591,28310,1184
20020000,สพป.ชลบุรี เขต 2,214,203,417,34,1110,1047,2157,138,1178,1154,2332,139,2502,2404,4906,311,1471,1333,2804,143,1502,1404,2906,145,1533,1402,2935,143,1425,1363,2788,146,1497,1365,2862,145,1563,1391,2954,146,8991,8258,17249,868,528,400,928,34,511,460,971,36,425,367,792,35,1464,1227,2691,105,0,0,0,0,0,0,0,0,0,0,0,0,0,0,0,0,0,0,0,0,0,0,0,0,0,0,0,0,12957,11889,24846,1284
20030000,สพป.ชลบุรี เขต 3,562,526,1088,49,1490,1311,2801,127,1710,1544,3254,139,3762,3381,7143,315,2499,2327,4826,168,2642,2308,4950,164,2653,2404,5057,167,2693,2419,5112,160,2719,2396,5115,161,2644,2433,5077,162,15850,14287,30137,982,1477,1265,2742,77,1486,1172,2658,77,1273,1118,2391,70,4236,3555,7791,224,0,0,0,0,0,0,0,0,0,0,0,0,0,0,0,0,0,0,0,0,0,0,0,0,0,0,0,0,23848,21223,45071,1521
21010000,สพป.ระยอง เขต 1,214,196,410,29,1637,1442,3079,166,1791,1663,3454,173,3642,3301,6943,368,2519,2379,4898,202,2666,2479,5145,202,2767,2544,5311,202,2719,2521,5240,200,2839,2677,5516,201,2962,2659,5621,203,16472,15259,31731,1210,1150,897,2047,65,1139,1037,2176,67,1065,934,1999,66,3354,2868,6222,198,0,0,0,0,0,0,0,0,0,0,0,0,0,0,0,0,0,0,0,0,0,0,0,0,0,0,0,0,23468,21428,44896,1776
21020000,สพป.ระยอง เขต 2,155,171,326,38,559,575,1134,93,731,645,1376,98,1445,1391,2836,229,879,803,1682,105,888,869,1757,105,936,881,1817,106,876,817,1693,104,919,893,1812,103,949,893,1842,105,5447,5156,10603,628,197,173,370,18,229,200,429,20,213,180,393,19,639,553,1192,57,0,0,0,0,0,0,0,0,0,0,0,0,0,0,0,0,0,0,0,0,0,0,0,0,0,0,0,0,7531,7100,14631,914
22010000,สพป.จันทบุรี เขต 1,270,251,521,46,586,552,1138,83,638,604,1242,85,1494,1407,2901,214,995,955,1950,105,1112,928,2040,102,1009,972,1981,103,992,946,1938,103,1054,946,2000,103,1019,938,1957,105,6181,5685,11866,621,456,460,916,34,498,405,903,34,466,368,834,33,1420,1233,2653,101,0,0,0,0,0,0,0,0,0,0,0,0,0,0,0,0,0,0,0,0,0,0,0,0,0,0,0,0,9095,8325,17420,936
22020000,สพป.จันทบุรี เขต 2,73,88,161,17,841,765,1606,114,932,862,1794,116,1846,1715,3561,247,1006,989,1995,118,1045,946,1991,117,1111,1017,2128,121,1086,979,2065,119,1078,999,2077,119,1165,1024,2189,121,6491,5954,12445,715,406,284,690,30,387,270,657,28,356,258,614,28,1149,812,1961,86,0,0,0,0,0,0,0,0,0,0,0,0,0,0,0,0,0,0,0,0,0,0,0,0,0,0,0,0,9486,8481,17967,1048
23010000,สพป.ตราด,169,141,310,34,799,727,1526,111,902,831,1733,113,1870,1699,3569,258,1082,958,2040,117,1139,972,2111,117,1075,1035,2110,116,1020,982,2002,117,1093,956,2049,113,1114,998,2112,116,6523,5901,12424,696,352,221,573,29,336,256,592,29,294,226,520,28,982,703,1685,86,0,0,0,0,0,0,0,0,0,0,0,0,0,0,0,0,0,0,0,0,0,0,0,0,0,0,0,0,9375,8303,17678,1040
24010000,สพป.ฉะเชิงเทรา เขต 1,97,111,208,12,1189,1142,2331,156,1298,1224,2522,160,2584,2477,5061,328,1538,1438,2976,167,1625,1478,3103,169,1701,1590,3291,170,1612,1559,3171,168,1589,1591,3180,168,1663,1636,3299,175,9728,9292,19020,1017,484,424,908,47,554,393,947,46,525,401,926,46,1563,1218,2781,139,0,0,0,0,0,0,0,0,0,0,0,0,0,0,0,0,0,0,0,0,0,0,0,0,0,0,0,0,13875,12987,26862,1484
24020000,สพป.ฉะเชิงเทรา เขต 2,83,89,172,17,1170,1140,2310,162,1300,1180,2480,161,2553,2409,4962,340,1395,1248,2643,163,1464,1342,2806,162,1471,1373,2844,164,1493,1317,2810,165,1460,1436,2896,164,1557,1400,2957,166,8840,8116,16956,984,678,521,1199,54,712,550,1262,53,615,500,1115,56,2005,1571,3576,163,0,0,0,0,0,0,0,0,0,0,0,0,0,0,0,0,0,0,0,0,0,0,0,0,0,0,0,0,13398,12096,25494,1487
25010000,สพป.ปราจีนบุรี เขต 1,234,254,488,38,797,746,1543,123,914,842,1756,127,1945,1842,3787,288,1018,926,1944,127,977,938,1915,128,1085,1037,2122,128,1122,1040,2162,130,1074,1033,2107,130,1146,978,2124,134,6422,5952,12374,777,478,327,805,38,459,371,830,38,413,350,763,35,1350,1048,2398,111,0,0,0,0,0,0,0,0,0,0,0,0,0,0,0,0,0,0,0,0,0,0,0,0,0,0,0,0,9717,8842,18559,1176
25020000,สพป.ปราจีนบุรี เขต 2,78,60,138,19,610,574,1184,110,680,609,1289,111,1368,1243,2611,240,789,643,1432,112,679,692,1371,112,768,743,1511,112,768,714,1482,111,823,695,1518,111,830,714,1544,114,4657,4201,8858,672,395,355,750,34,410,348,758,35,395,329,724,33,1200,1032,2232,102,0,0,0,0,0,0,0,0,0,0,0,0,0,0,0,0,0,0,0,0,0,0,0,0,0,0,0,0,7225,6476,13701,1014
26010000,สพป.นครนายก,88,85,173,17,792,653,1445,131,795,733,1528,131,1675,1471,3146,279,975,869,1844,138,942,900,1842,139,1050,901,1951,139,1057,953,2010,143,1106,900,2006,140,1101,1010,2111,145,6231,5533,11764,844,297,224,521,30,316,242,558,33,296,235,531,36,909,701,1610,99,0,0,0,0,0,0,0,0,0,0,0,0,0,0,0,0,0,0,0,0,0,0,0,0,0,0,0,0,8815,7705,16520,1222
27010000,สพป.สระแก้ว เขต 1,217,209,426,56,1063,1008,2071,159,1069,990,2059,160,2349,2207,4556,375,1233,1183,2416,168,1370,1241,2611,167,1343,1333,2676,168,1368,1291,2659,168,1359,1317,2676,166,1493,1336,2829,172,8166,7701,15867,1009,557,460,1017,42,574,441,1015,44,535,404,939,43,1666,1305,2971,129,0,0,0,0,0,0,0,0,0,0,0,0,0,0,0,0,0,0,0,0,0,0,0,0,0,0,0,0,12181,11213,23394,1513
27020000,สพป.สระแก้ว เขต 2,160,202,362,29,779,772,1551,124,917,831,1748,124,1856,1805,3661,277,941,875,1816,127,942,910,1852,126,1024,913,1937,127,1023,931,1954,126,1035,973,2008,127,998,966,1964,126,5963,5568,11531,759,422,333,755,37,435,355,790,40,400,328,728,37,1257,1016,2273,114,0,0,0,0,0,0,0,0,0,0,0,0,0,0,0,0,0,0,0,0,0,0,0,0,0,0,0,0,9076,8389,17465,1150
30010000,สพป.นครราชสีมา เขต 1,272,245,517,62,1298,1058,2356,167,1361,1289,2650,175,2931,2592,5523,404,1794,1674,3468,194,1926,1821,3747,194,2014,1883,3897,195,2022,1956,3978,194,2123,1970,4093,195,2228,1984,4212,197,12107,11288,23395,1169,547,403,950,42,517,372,889,44,504,410,914,41,1568,1185,2753,127,0,0,0,0,0,0,0,0,0,0,0,0,0,0,0,0,0,0,0,0,0,0,0,0,0,0,0,0,16606,15065,31671,1700
30020000,สพป.นครราชสีมา เขต 2,201,179,380,50,920,864,1784,174,994,944,1938,179,2115,1987,4102,403,1083,1055,2138,183,1220,1061,2281,183,1232,1179,2411,184,1309,1287,2596,184,1357,1212,2569,186,1435,1370,2805,190,7636,7164,14800,1110,429,265,694,45,425,316,741,45,394,299,693,44,1248,880,2128,134,0,0,0,0,0,0,0,0,0,0,0,0,0,0,0,0,0,0,0,0,0,0,0,0,0,0,0,0,10999,10031,21030,1647
30030000,สพป.นครราชสีมา เขต 3,274,272,546,72,1024,1019,2043,190,1173,1004,2177,189,2471,2295,4766,451,1185,1101,2286,190,1315,1208,2523,191,1360,1262,2622,192,1314,1298,2612,194,1476,1299,2775,198,1482,1449,2931,198,8132,7617,15749,1163,767,578,1345,72,730,561,1291,71,659,527,1186,71,2156,1666,3822,214,56,65,121,5,41,50,91,5,41,35,76,6,0,0,0,0,0,0,0,0,0,0,0,0,138,150,288,16,12897,11728,24625,1844
30040000,สพป.นครราชสีมา เขต 4,354,330,684,71,989,1010,1999,182,1176,1016,2192,185,2519,2356,4875,438,1348,1136,2484,189,1410,1338,2748,194,1426,1347,2773,192,1496,1329,2825,193,1560,1449,3009,194,1620,1460,3080,194,8860,8059,16919,1156,883,724,1607,71,922,704,1626,70,818,681,1499,73,2623,2109,4732,214,0,0,0,0,0,0,0,0,0,0,0,0,0,0,0,0,0,0,0,0,0,0,0,0,0,0,0,0,14002,12524,26526,1808
30050000,สพป.นครราชสีมา เขต 5,258,248,506,70,1049,1013,2062,212,1097,1015,2112,215,2404,2276,4680,497,1192,1104,2296,217,1226,1179,2405,212,1281,1182,2463,213,1375,1269,2644,214,1400,1272,2672,214,1388,1364,2752,217,7862,7370,15232,1287,796,704,1500,85,876,672,1548,85,852,728,1580,86,2524,2104,4628,256,136,183,319,12,176,221,397,16,162,258,420,17,0,0,0,0,0,0,0,0,0,0,0,0,474,662,1136,45,13264,12412,25676,2085
30060000,สพป.นครราชสีมา เขต 6,107,104,211,48,648,619,1267,173,694,641,1335,175,1449,1364,2813,396,713,682,1395,175,795,758,1553,181,881,788,1669,182,884,813,1697,183,960,804,1764,180,1010,939,1949,185,5243,4784,10027,1086,410,289,699,52,398,290,688,52,346,258,604,51,1154,837,1991,155,0,0,0,0,0,0,0,0,0,0,0,0,0,0,0,0,0,0,0,0,0,0,0,0,0,0,0,0,7846,6985,14831,1637
30070000,สพป.นครราชสีมา เขต 7,158,188,346,68,1011,987,1998,225,1105,1078,2183,229,2274,2253,4527,522,1251,1198,2449,243,1351,1295,2646,239,1538,1387,2925,239,1508,1421,2929,245,1576,1445,3021,246,1670,1619,3289,249,8894,8365,17259,1461,785,611,1396,87,849,599,1448,86,865,643,1508,85,2499,1853,4352,258,61,62,123,8,42,50,92,8,56,32,88,8,0,0,0,0,0,0,0,0,0,0,0,0,159,144,303,24,13826,12615,26441,2265
31010000,สพป.บุรีรัมย์ เขต 1,223,207,430,51,1003,970,1973,200,1181,996,2177,208,2407,2173,4580,459,1325,1216,2541,214,1545,1307,2852,214,1501,1408,2909,214,1540,1377,2917,214,1645,1504,3149,216,1769,1635,3404,217,9325,8447,17772,1289,799,629,1428,72,809,624,1433,71,761,626,1387,70,2369,1879,4248,213,0,0,0,0,0,0,0,0,0,0,0,0,0,0,0,0,0,0,0,0,0,0,0,0,0,0,0,0,14101,12499,26600,1961
31020000,สพป.บุรีรัมย์ เขต 2,73,69,142,17,1356,1345,2701,234,1458,1448,2906,236,2887,2862,5749,487,1584,1560,3144,241,1851,1677,3528,244,1896,1747,3643,243,1833,1840,3673,246,1956,1807,3763,249,2068,1872,3940,249,11188,10503,21691,1472,1019,768,1787,85,960,799,1759,83,896,778,1674,84,2875,2345,5220,252,0,0,0,0,0,0,0,0,0,0,0,0,0,0,0,0,0,0,0,0,0,0,0,0,0,0,0,0,16950,15710,32660,2211
31030000,สพป.บุรีรัมย์ เขต 3,198,206,404,40,1391,1349,2740,221,1509,1422,2931,229,3098,2977,6075,490,1622,1493,3115,236,1796,1649,3445,240,1895,1704,3599,238,1842,1748,3590,238,1968,1794,3762,241,2084,1864,3948,244,11207,10252,21459,1437,912,631,1543,86,962,771,1733,86,856,685,1541,88,2730,2087,4817,260,0,0,0,0,0,0,0,0,0,0,0,0,0,0,0,0,0,0,0,0,0,0,0,0,0,0,0,0,17035,15316,32351,2187
31040000,สพป.บุรีรัมย์ เขต 4,37,29,66,9,977,903,1880,196,1025,985,2010,196,2039,1917,3956,401,1098,1089,2187,202,1182,1199,2381,203,1339,1230,2569,204,1388,1305,2693,206,1372,1342,2714,207,1488,1425,2913,207,7867,7590,15457,1229,539,394,933,56,572,442,1014,57,454,410,864,56,1565,1246,2811,169,0,0,0,0,0,0,0,0,0,0,0,0,0,0,0,0,0,0,0,0,0,0,0,0,0,0,0,0,11471,10753,22224,1799
32010000,สพป.สุรินทร์ เขต 1,111,106,217,29,1923,1707,3630,322,1993,1873,3866,321,4027,3686,7713,672,2281,2080,4361,331,2306,2292,4598,330,2557,2461,5018,338,2532,2446,4978,333,2779,2587,5366,344,2856,2757,5613,343,15311,14623,29934,2019,906,680,1586,85,933,712,1645,85,897,766,1663,84,2736,2158,4894,254,9,8,17,1,8,12,20,1,12,12,24,1,0,0,0,0,0,0,0,0,0,0,0,0,29,32,61,3,22103,20499,42602,2948
32020000,สพป.สุรินทร์ เขต 2,18,9,27,7,1062,960,2022,224,1078,1034,2112,226,2158,2003,4161,457,1154,1142,2296,237,1246,1157,2403,227,1355,1263,2618,235,1429,1272,2701,233,1449,1324,2773,236,1519,1376,2895,234,8152,7534,15686,1402,494,352,846,56,584,445,1029,57,512,404,916,59,1590,1201,2791,172,0,0,0,0,0,0,0,0,0,0,0,0,0,0,0,0,0,0,0,0,0,0,0,0,0,0,0,0,11900,10738,22638,2031
32030000,สพป.สุรินทร์ เขต 3,36,36,72,8,1902,1690,3592,257,1859,1780,3639,260,3797,3506,7303,525,2091,1916,4007,266,2143,2164,4307,270,2266,2211,4477,271,2376,2184,4560,270,2519,2388,4907,278,2569,2561,5130,285,13964,13424,27388,1640,1035,784,1819,91,1084,861,1945,94,916,805,1721,95,3035,2450,5485,280,31,19,50,3,22,18,40,3,17,27,44,3,0,0,0,0,0,0,0,0,0,0,0,0,70,64,134,9,20866,19444,40310,2454
33010000,สพป.ศรีสะเกษ เขต 1,255,291,546,72,1390,1276,2666,266,1486,1317,2803,269,3131,2884,6015,607,1505,1426,2931,276,1657,1581,3238,280,1659,1551,3210,280,1720,1722,3442,279,1792,1688,3480,281,1924,1735,3659,283,10257,9703,19960,1679,658,475,1133,71,708,530,1238,74,708,525,1233,74,2074,1530,3604,219,0,0,0,0,1,0,1,1,5,1,6,1,0,0,0,0,0,0,0,0,0,0,0,0,6,1,7,2,15468,14118,29586,2507
33020000,สพป.ศรีสะเกษ เขต 2,86,101,187,29,839,780,1619,180,824,817,1641,178,1749,1698,3447,387,963,907,1870,183,952,893,1845,182,1034,965,1999,181,1065,1009,2074,185,1105,1061,2166,185,1124,1062,2186,186,6243,5897,12140,1102,290,236,526,37,319,249,568,37,332,253,585,38,941,738,1679,112,0,0,0,0,0,0,0,0,0,0,0,0,0,0,0,0,0,0,0,0,0,0,0,0,0,0,0,0,8933,8333,17266,1601
33030000,สพป.ศรีสะเกษ เขต 3,246,207,453,42,1187,1150,2337,205,1247,1168,2415,208,2680,2525,5205,455,1353,1222,2575,210,1449,1321,2770,209,1451,1405,2856,211,1495,1487,2982,213,1583,1519,3102,211,1585,1595,3180,212,8916,8549,17465,1266,685,500,1185,66,723,626,1349,67,729,605,1334,67,2137,1731,3868,200,58,66,124,4,28,42,70,3,29,34,63,2,0,0,0,0,0,0,0,0,0,0,0,0,115,142,257,9,13848,12947,26795,1930
33040000,สพป.ศรีสะเกษ เขต 4,159,164,323,34,1403,1317,2720,225,1493,1363,2856,227,3055,2844,5899,486,1652,1483,3135,230,1710,1610,3320,233,1722,1706,3428,231,1787,1650,3437,233,1927,1763,3690,236,1851,1785,3636,236,10649,9997,20646,1399,765,564,1329,67,752,612,1364,68,664,539,1203,66,2181,1715,3896,201,44,41,85,2,25,34,59,2,22,31,53,2,0,0,0,0,0,0,0,0,0,0,0,0,91,106,197,6,15976,14662,30638,2092
34010000,สพป.อุบลราชธานี เขต 1,301,290,591,50,1041,950,1991,186,1151,1119,2270,208,2493,2359,4852,444,1582,1490,3072,245,1628,1565,3193,251,1733,1656,3389,260,1773,1687,3460,263,1803,1788,3591,266,1750,1729,3479,257,10269,9915,20184,1542,555,427,982,57,593,486,1079,61,578,487,1065,59,1726,1400,3126,177,77,67,144,4,50,53,103,3,60,48,108,3,0,0,0,0,0,0,0,0,0,0,0,0,187,168,355,10,14675,13842,28517,2173
34020000,สพป.อุบลราชธานี เขต 2,247,208,455,55,905,932,1837,211,1101,1065,2166,220,2253,2205,4458,486,1246,1179,2425,228,1260,1209,2469,234,1423,1260,2683,235,1448,1344,2792,239,1400,1425,2825,242,1497,1432,2929,237,8274,7849,16123,1415,509,424,933,51,591,449,1040,52,532,468,1000,52,1632,1341,2973,155,0,0,0,0,0,0,0,0,0,0,0,0,0,0,0,0,0,0,0,0,0,0,0,0,0,0,0,0,12159,11395,23554,2056
34030000,สพป.อุบลราชธานี เขต 3,63,68,131,12,1220,1196,2416,209,1425,1326,2751,221,2708,2590,5298,442,1495,1436,2931,233,1629,1498,3127,230,1623,1537,3160,230,1599,1541,3140,232,1731,1640,3371,233,1792,1702,3494,236,9869,9354,19223,1394,685,573,1258,60,766,582,1348,62,699,582,1281,63,2150,1737,3887,185,0,0,0,0,0,0,0,0,0,0,0,0,0,0,0,0,0,0,0,0,0,0,0,0,0,0,0,0,14727,13681,28408,2021
34040000,สพป.อุบลราชธานี เขต 4,181,163,344,50,712,624,1336,133,697,650,1347,134,1590,1437,3027,317,757,682,1439,137,828,776,1604,138,795,770,1565,137,839,769,1608,138,849,783,1632,137,884,799,1683,138,4952,4579,9531,825,416,300,716,31,438,315,753,34,443,340,783,34,1297,955,2252,99,44,62,106,3,36,71,107,3,42,37,79,2,0,0,0,0,0,0,0,0,0,0,0,0,122,170,292,8,7961,7141,15102,1249
34050000,สพป.อุบลราชธานี เขต 5,77,71,148,18,1372,1371,2743,234,1579,1517,3096,259,3028,2959,5987,511,1859,1782,3641,276,2003,1886,3889,278,2069,1855,3924,278,2122,1929,4051,274,2161,2114,4275,280,2350,2093,4443,273,12564,11659,24223,1659,1026,808,1834,100,1106,889,1995,101,998,858,1856,101,3130,2555,5685,302,16,17,33,1,13,22,35,1,19,20,39,1,0,0,0,0,0,0,0,0,0,0,0,0,48,59,107,3,18770,17232,36002,2475
35010000,สพป.ยโสธร เขต 1,0,0,0,0,635,579,1214,166,609,604,1213,170,1244,1183,2427,336,774,729,1503,179,936,824,1760,180,896,872,1768,180,924,834,1758,177,943,918,1861,182,1069,969,2038,185,5542,5146,10688,1083,326,240,566,46,334,276,610,46,368,283,651,46,1028,799,1827,138,0,0,0,0,0,0,0,0,0,0,0,0,0,0,0,0,0,0,0,0,0,0,0,0,0,0,0,0,7814,7128,14942,1557
35020000,สพป.ยโสธร เขต 2,33,22,55,10,701,623,1324,168,748,685,1433,168,1482,1330,2812,346,747,750,1497,181,772,768,1540,178,928,810,1738,179,935,874,1809,181,953,975,1928,185,1037,909,1946,184,5372,5086,10458,1088,355,311,666,47,401,297,698,47,329,300,629,46,1085,908,1993,140,0,0,0,0,0,0,0,0,0,0,0,0,0,0,0,0,0,0,0,0,0,0,0,0,0,0,0,0,7939,7324,15263,1574
36010000,สพป.ชัยภูมิ เขต 1,214,213,427,66,1185,1105,2290,213,1251,1115,2366,215,2650,2433,5083,494,1348,1346,2694,229,1506,1462,2968,231,1570,1486,3056,229,1670,1583,3253,233,1712,1560,3272,237,1782,1674,3456,235,9588,9111,18699,1394,630,445,1075,60,638,506,1144,58,646,495,1141,60,1914,1446,3360,178,0,0,0,0,0,0,0,0,0,0,0,0,0,0,0,0,0,0,0,0,0,0,0,0,0,0,0,0,14152,12990,27142,2066
36020000,สพป.ชัยภูมิ เขต 2,324,345,669,129,949,907,1856,242,1166,1061,2227,254,2439,2313,4752,625,1363,1262,2625,262,1489,1453,2942,264,1602,1507,3109,265,1638,1554,3192,271,1655,1608,3263,268,1773,1735,3508,277,9520,9119,18639,1607,544,368,912,52,530,402,932,51,442,456,898,52,1516,1226,2742,155,13,5,18,1,10,3,13,1,4,2,6,1,0,0,0,0,0,0,0,0,0,0,0,0,27,10,37,3,13502,12668,26170,2390
36030000,สพป.ชัยภูมิ เขต 3,150,141,291,42,884,803,1687,188,883,845,1728,192,1917,1789,3706,422,992,923,1915,196,1098,1020,2118,196,1151,1056,2207,197,1172,1063,2235,191,1329,1135,2464,192,1331,1258,2589,198,7073,6455,13528,1170,586,469,1055,54,590,564,1154,56,542,439,981,55,1718,1472,3190,165,83,87,170,5,65,72,137,6,62,78,140,5,0,0,0,0,0,0,0,0,0,0,0,0,210,237,447,16,10918,9953,20871,1773
37010000,สพป.อำนาจเจริญ,25,37,62,16,1208,1035,2243,251,1247,1216,2463,253,2480,2288,4768,520,1360,1270,2630,265,1496,1333,2829,270,1497,1504,3001,264,1583,1440,3023,265,1609,1467,3076,268,1549,1591,3140,264,9094,8605,17699,1596,429,385,814,56,445,357,802,54,454,372,826,53,1328,1114,2442,163,0,0,0,0,0,0,0,0,0,0,0,0,0,0,0,0,0,0,0,0,0,0,0,0,0,0,0,0,12902,12007,24909,2279
38010000,สพป.บึงกาฬ,61,60,121,12,1241,1241,2482,222,1298,1302,2600,222,2600,2603,5203,456,1508,1496,3004,237,1761,1624,3385,236,1765,1718,3483,243,1837,1787,3624,239,2043,1814,3857,246,2222,1956,4178,250,11136,10395,21531,1451,547,405,952,53,572,490,1062,54,558,434,992,53,1677,1329,3006,160,9,10,19,1,5,3,8,1,7,16,23,1,0,0,0,0,0,0,0,0,0,0,0,0,21,29,50,3,15434,14356,29790,2070
39010000,สพป.หนองบัวลำภู เขต 1,0,0,0,0,881,817,1698,191,960,951,1911,202,1841,1768,3609,393,1065,1114,2179,201,1253,1160,2413,199,1260,1175,2435,208,1275,1205,2480,204,1282,1277,2559,203,1359,1310,2669,203,7494,7241,14735,1218,515,368,883,47,527,392,919,49,543,420,963,50,1585,1180,2765,146,0,0,0,0,0,0,0,0,0,0,0,0,0,0,0,0,0,0,0,0,0,0,0,0,0,0,0,0,10920,10189,21109,1757
39020000,สพป.หนองบัวลำภู เขต 2,40,57,97,9,537,524,1061,108,617,598,1215,106,1194,1179,2373,223,718,651,1369,111,718,698,1416,109,815,779,1594,110,783,739,1522,111,925,819,1744,111,914,894,1808,117,4873,4580,9453,669,342,340,682,35,392,340,732,35,380,309,689,37,1114,989,2103,107,0,0,0,0,0,0,0,0,0,0,0,0,0,0,0,0,0,0,0,0,0,0,0,0,0,0,0,0,7181,6748,13929,999
40010000,สพป.ขอนแก่น เขต 1,271,266,537,83,787,664,1451,145,836,841,1677,144,1894,1771,3665,372,1167,1156,2323,160,1340,1161,2501,162,1351,1274,2625,161,1414,1309,2723,164,1440,1363,2803,163,1481,1338,2819,162,8193,7601,15794,972,503,384,887,46,553,386,939,47,466,310,776,46,1522,1080,2602,139,0,0,0,0,0,0,0,0,0,0,0,0,0,0,0,0,0,0,0,0,0,0,0,0,0,0,0,0,11609,10452,22061,1483
40020000,สพป.ขอนแก่น เขต 2,354,345,699,119,633,606,1239,192,771,643,1414,196,1758,1594,3352,507,790,780,1570,200,897,820,1717,203,933,893,1826,206,951,929,1880,205,1045,922,1967,204,1104,978,2082,206,5720,5322,11042,1224,336,272,608,45,395,278,673,46,373,308,681,45,1104,858,1962,136,0,0,0,0,0,0,0,0,0,0,0,0,0,0,0,0,0,0,0,0,0,0,0,0,0,0,0,0,8582,7774,16356,1867
40030000,สพป.ขอนแก่น เขต 3,251,214,465,84,598,534,1132,158,659,582,1241,163,1508,1330,2838,405,719,653,1372,168,795,672,1467,167,837,783,1620,169,833,823,1656,170,879,766,1645,170,911,898,1809,168,4974,4595,9569,1012,309,222,531,43,329,216,545,44,318,240,558,44,956,678,1634,131,0,0,0,0,0,0,0,0,0,0,0,0,0,0,0,0,0,0,0,0,0,0,0,0,0,0,0,0,7438,6603,14041,1548
40040000,สพป.ขอนแก่น เขต 4,164,178,342,62,643,501,1144,162,750,636,1386,169,1557,1315,2872,393,842,797,1639,180,925,839,1764,181,1017,893,1910,182,1001,940,1941,181,1031,977,2008,183,1159,1024,2183,185,5975,5470,11445,1092,401,343,744,46,390,326,716,46,398,291,689,47,1189,960,2149,139,16,18,34,1,12,14,26,1,9,15,24,1,0,0,0,0,0,0,0,0,0,0,0,0,37,47,84,3,8758,7792,16550,1627
40050000,สพป.ขอนแก่น เขต 5,239,233,472,89,955,869,1824,234,1064,981,2045,244,2258,2083,4341,567,1274,1259,2533,258,1425,1401,2826,263,1563,1440,3003,264,1670,1517,3187,270,1720,1631,3351,268,1832,1617,3449,271,9484,8865,18349,1594,597,411,1008,68,699,504,1203,69,580,503,1083,69,1876,1418,3294,206,0,0,0,0,0,0,0,0,0,0,0,0,0,0,0,0,0,0,0,0,0,0,0,0,0,0,0,0,13618,12366,25984,2367
41010000,สพป.อุดรธานี เขต 1,23,20,43,6,1228,1101,2329,222,1339,1230,2569,226,2590,2351,4941,454,1529,1539,3068,236,1699,1627,3326,239,1771,1767,3538,237,1931,1746,3677,244,2015,1867,3882,245,2094,1973,4067,244,11039,10519,21558,1445,1008,792,1800,76,1035,741,1776,76,941,705,1646,75,2984,2238,5222,227,83,80,163,4,91,75,166,4,66,80,146,4,0,0,0,0,0,0,0,0,0,0,0,0,240,235,475,12,16853,15343,32196,2138
41020000,สพป.อุดรธานี เขต 2,116,110,226,40,824,706,1530,183,848,727,1575,184,1788,1543,3331,407,904,812,1716,187,972,1006,1978,184,1152,980,2132,188,1121,1041,2162,191,1199,1074,2273,189,1248,1096,2344,196,6596,6009,12605,1135,452,405,857,58,521,394,915,60,488,392,880,59,1461,1191,2652,177,0,0,0,0,0,0,0,0,0,0,0,0,0,0,0,0,0,0,0,0,0,0,0,0,0,0,0,0,9845,8743,18588,1719
41030000,สพป.อุดรธานี เขต 3,36,34,70,9,1100,937,2037,203,1134,1133,2267,208,2270,2104,4374,420,1285,1235,2520,216,1384,1297,2681,220,1519,1430,2949,220,1519,1431,2950,224,1685,1505,3190,225,1629,1618,3247,222,9021,8516,17537,1327,610,500,1110,63,657,549,1206,66,721,566,1287,65,1988,1615,3603,194,0,0,0,0,0,0,0,0,0,0,0,0,0,0,0,0,0,0,0,0,0,0,0,0,0,0,0,0,13279,12235,25514,1941
41040000,สพป.อุดรธานี เขต 4,0,0,0,0,767,709,1476,147,856,832,1688,149,1623,1541,3164,296,903,958,1861,158,1036,1019,2055,159,1108,1034,2142,158,1068,1005,2073,157,1115,1043,2158,156,1255,1143,2398,158,6485,6202,12687,946,566,409,975,48,559,442,1001,48,501,392,893,50,1626,1243,2869,146,53,24,77,3,14,25,39,2,13,9,22,2,0,0,0,0,0,0,0,0,0,0,0,0,80,58,138,7,9814,9044,18858,1395
42010000,สพป.เลย เขต 1,129,139,268,25,706,680,1386,131,761,686,1447,130,1596,1505,3101,286,1011,969,1980,146,1098,1030,2128,151,1149,1054,2203,150,1117,1094,2211,155,1192,1073,2265,148,1184,1052,2236,147,6751,6272,13023,897,290,254,544,34,267,256,523,35,301,244,545,35,858,754,1612,104,0,0,0,0,0,0,0,0,0,0,0,0,0,0,0,0,0,0,0,0,0,0,0,0,0,0,0,0,9205,8531,17736,1287
42020000,สพป.เลย เขต 2,218,198,416,45,778,746,1524,152,862,777,1639,156,1858,1721,3579,353,882,883,1765,161,995,916,1911,156,1043,928,1971,161,1022,955,1977,158,1090,999,2089,160,1115,1093,2208,160,6147,5774,11921,956,438,292,730,47,421,333,754,47,395,285,680,47,1254,910,2164,141,0,0,0,0,0,0,0,0,0,0,0,0,0,0,0,0,0,0,0,0,0,0,0,0,0,0,0,0,9259,8405,17664,1450
42030000,สพป.เลย เขต 3,6,6,12,3,259,289,548,86,334,311,645,92,599,606,1205,181,361,333,694,103,403,357,760,106,415,393,808,103,401,391,792,101,442,406,848,105,430,404,834,107,2452,2284,4736,625,59,64,123,11,94,70,164,11,80,70,150,11,233,204,437,33,0,0,0,0,0,0,0,0,0,0,0,0,0,0,0,0,0,0,0,0,0,0,0,0,0,0,0,0,3284,3094,6378,839
43010000,สพป.หนองคาย เขต 1,191,187,378,53,692,678,1370,142,747,807,1554,148,1630,1672,3302,343,989,941,1930,166,1060,1024,2084,164,1138,991,2129,162,1131,1037,2168,165,1211,1091,2302,164,1237,1145,2382,164,6766,6229,12995,985,282,241,523,27,332,270,602,29,274,253,527,27,888,764,1652,83,12,22,34,2,27,17,44,1,11,18,29,1,0,0,0,0,0,0,0,0,0,0,0,0,50,57,107,4,9334,8722,18056,1415
43020000,สพป.หนองคาย เขต 2,21,33,54,5,531,524,1055,104,585,562,1147,101,1137,1119,2256,210,638,580,1218,109,714,671,1385,111,771,706,1477,111,779,760,1539,113,761,793,1554,113,848,784,1632,116,4511,4294,8805,673,265,188,453,20,268,251,519,22,282,186,468,22,815,625,1440,64,0,0,0,0,0,0,0,0,0,0,0,0,0,0,0,0,0,0,0,0,0,0,0,0,0,0,0,0,6463,6038,12501,947
44010000,สพป.มหาสารคาม เขต 1,32,32,64,9,762,694,1456,164,830,815,1645,175,1624,1541,3165,348,987,918,1905,182,1139,1021,2160,188,1166,1103,2269,186,1229,1103,2332,191,1291,1144,2435,192,1341,1282,2623,191,7153,6571,13724,1130,295,204,499,36,324,254,578,37,265,214,479,36,884,672,1556,109,0,0,0,0,0,0,0,0,0,0,0,0,0,0,0,0,0,0,0,0,0,0,0,0,0,0,0,0,9661,8784,18445,1587
44020000,สพป.มหาสารคาม เขต 2,67,62,129,28,923,865,1788,224,986,911,1897,227,1976,1838,3814,479,1070,951,2021,227,1121,1078,2199,230,1280,1115,2395,226,1226,1159,2385,231,1302,1190,2492,234,1264,1201,2465,233,7263,6694,13957,1381,379,297,676,46,469,294,763,48,355,297,652,46,1203,888,2091,140,14,14,28,1,11,15,26,1,12,11,23,1,0,0,0,0,0,0,0,0,0,0,0,0,37,40,77,3,10479,9460,19939,2003
44030000,สพป.มหาสารคาม เขต 3,71,77,148,24,573,557,1130,133,607,635,1242,135,1251,1269,2520,292,754,717,1471,142,849,778,1627,142,839,782,1621,144,855,869,1724,143,914,857,1771,142,953,881,1834,144,5164,4884,10048,857,326,195,521,34,328,256,584,34,298,264,562,34,952,715,1667,102,0,0,0,0,0,0,0,0,0,0,0,0,0,0,0,0,0,0,0,0,0,0,0,0,0,0,0,0,7367,6868,14235,1251
45010000,สพป.ร้อยเอ็ด เขต 1,61,56,117,23,1002,915,1917,205,1079,1017,2096,206,2142,1988,4130,434,1271,1182,2453,218,1418,1406,2824,222,1455,1392,2847,223,1449,1285,2734,222,1471,1400,2871,224,1471,1494,2965,228,8535,8159,16694,1337,584,463,1047,67,644,456,1100,65,613,487,1100,65,1841,1406,3247,197,0,0,0,0,0,0,0,0,0,0,0,0,0,0,0,0,0,0,0,0,0,0,0,0,0,0,0,0,12518,11553,24071,1968
45020000,สพป.ร้อยเอ็ด เขต 2,137,133,270,33,1303,1193,2496,319,1430,1366,2796,320,2870,2692,5562,672,1537,1488,3025,329,1687,1657,3344,333,1786,1637,3423,336,1819,1823,3642,334,1928,1774,3702,332,1943,1876,3819,337,10700,10255,20955,2001,622,496,1118,94,721,541,1262,95,723,473,1196,93,2066,1510,3576,282,0,0,0,0,0,0,0,0,0,0,0,0,0,0,0,0,0,0,0,0,0,0,0,0,0,0,0,0,15636,14457,30093,2955
45030000,สพป.ร้อยเอ็ด เขต 3,126,150,276,28,865,775,1640,198,957,908,1865,208,1948,1833,3781,434,1029,1045,2074,212,1162,1117,2279,216,1229,1091,2320,215,1318,1191,2509,217,1323,1241,2564,221,1385,1285,2670,218,7446,6970,14416,1299,425,319,744,56,465,368,833,58,465,365,830,58,1355,1052,2407,172,0,0,0,0,0,0,0,0,0,0,0,0,0,0,0,0,0,0,0,0,0,0,0,0,0,0,0,0,10749,9855,20604,1905
46010000,สพป.กาฬสินธุ์ เขต 1,15,5,20,3,679,661,1340,151,716,689,1405,153,1410,1355,2765,307,938,913,1851,170,1034,946,1980,172,1202,1010,2212,174,1112,1086,2198,177,1141,1136,2277,178,1247,1181,2428,176,6674,6272,12946,1047,281,214,495,34,330,243,573,35,290,195,485,34,901,652,1553,103,0,0,0,0,0,0,0,0,0,0,0,0,0,0,0,0,0,0,0,0,0,0,0,0,0,0,0,0,8985,8279,17264,1457
46020000,สพป.กาฬสินธุ์ เขต 2,103,115,218,19,643,602,1245,158,762,685,1447,158,1508,1402,2910,335,785,753,1538,159,884,797,1681,162,913,885,1798,167,978,818,1796,163,1019,968,1987,162,1126,934,2060,164,5705,5155,10860,977,430,340,770,51,453,410,863,52,435,329,764,51,1318,1079,2397,154,0,0,0,0,0,0,0,0,0,0,0,0,0,0,0,0,0,0,0,0,0,0,0,0,0,0,0,0,8531,7636,16167,1466
46030000,สพป.กาฬสินธุ์ เขต 3,0,0,0,0,713,718,1431,167,975,875,1850,185,1688,1593,3281,352,1157,1075,2232,196,1239,1161,2400,193,1331,1247,2578,197,1407,1260,2667,197,1313,1416,2729,200,1557,1453,3010,210,8004,7612,15616,1193,423,323,746,57,550,322,872,58,461,309,770,56,1434,954,2388,171,0,0,0,0,0,0,0,0,0,0,0,0,0,0,0,0,0,0,0,0,0,0,0,0,0,0,0,0,11126,10159,21285,1716
47010000,สพป.สกลนคร เขต 1,57,74,131,20,1161,1105,2266,181,1290,1176,2466,184,2508,2355,4863,385,1589,1419,3008,200,1628,1583,3211,200,1759,1770,3529,200,1865,1799,3664,204,1842,1775,3617,199,1930,1783,3713,201,10613,10129,20742,1204,691,491,1182,72,638,500,1138,71,609,507,1116,70,1938,1498,3436,213,15,24,39,2,19,19,38,2,11,19,30,2,0,0,0,0,0,0,0,0,0,0,0,0,45,62,107,6,15104,14044,29148,1808
47020000,สพป.สกลนคร เขต 2,151,164,315,51,1178,1148,2326,248,1214,1273,2487,258,2543,2585,5128,557,1402,1443,2845,262,1684,1534,3218,265,1673,1621,3294,263,1785,1649,3434,270,1869,1805,3674,268,1935,1903,3838,272,10348,9955,20303,1600,798,639,1437,70,835,660,1495,72,777,658,1435,73,2410,1957,4367,215,9,8,17,1,4,5,9,1,8,7,15,1,0,0,0,0,0,0,0,0,0,0,0,0,21,20,41,3,15322,14517,29839,2375
47030000,สพป.สกลนคร เขต 3,148,117,265,34,988,974,1962,183,1011,981,1992,183,2147,2072,4219,400,1180,1136,2316,195,1364,1248,2612,197,1493,1275,2768,197,1409,1412,2821,195,1537,1394,2931,199,1614,1569,3183,197,8597,8034,16631,1180,648,501,1149,64,613,501,1114,62,552,475,1027,62,1813,1477,3290,188,5,2,7,1,14,7,21,1,13,6,19,1,0,0,0,0,0,0,0,0,0,0,0,0,32,15,47,3,12589,11598,24187,1771
48010000,สพป.นครพนม เขต 1,101,107,208,15,1151,1110,2261,254,1197,1187,2384,254,2449,2404,4853,523,1462,1312,2774,267,1644,1390,3034,267,1725,1545,3270,268,1675,1578,3253,270,1701,1620,3321,269,1900,1772,3672,273,10107,9217,19324,1614,383,297,680,38,412,336,748,39,385,300,685,39,1180,933,2113,116,0,0,0,0,0,0,0,0,0,0,0,0,0,0,0,0,0,0,0,0,0,0,0,0,0,0,0,0,13736,12554,26290,2253
48020000,สพป.นครพนม เขต 2,35,50,85,10,1036,930,1966,188,1035,1046,2081,192,2106,2026,4132,390,1214,1112,2326,196,1379,1295,2674,196,1420,1300,2720,198,1379,1313,2692,197,1449,1350,2799,200,1541,1474,3015,204,8382,7844,16226,1191,485,401,886,45,510,441,951,48,561,432,993,49,1556,1274,2830,142,0,0,0,0,0,0,0,0,0,0,0,0,0,0,0,0,0,0,0,0,0,0,0,0,0,0,0,0,12044,11144,23188,1723
49010000,สพป.มุกดาหาร,78,57,135,22,1190,1089,2279,244,1174,1142,2316,245,2442,2288,4730,511,1201,1234,2435,245,1427,1342,2769,248,1455,1428,2883,248,1486,1407,2893,246,1596,1531,3127,251,1548,1585,3133,250,8713,8527,17240,1488,510,429,939,58,612,529,1141,61,462,442,904,59,1584,1400,2984,178,0,0,0,0,0,0,0,0,0,0,0,0,0,0,0,0,0,0,0,0,0,0,0,0,0,0,0,0,12739,12215,24954,2177
50010000,สพป.เชียงใหม่ เขต 1,154,133,287,16,559,556,1115,68,730,689,1419,76,1443,1378,2821,160,1515,1513,3028,131,1611,1553,3164,130,1693,1577,3270,128,1595,1517,3112,127,1547,1412,2959,122,1481,1395,2876,122,9442,8967,18409,760,509,448,957,37,513,398,911,35,409,381,790,34,1431,1227,2658,106,0,0,0,0,0,0,0,0,0,0,0,0,0,0,0,0,0,0,0,0,0,0,0,0,0,0,0,0,12316,11572,23888,1026
50020000,สพป.เชียงใหม่ เขต 2,70,66,136,5,745,727,1472,100,880,793,1673,106,1695,1586,3281,211,1665,1597,3262,163,1805,1600,3405,161,1726,1626,3352,160,1686,1629,3315,159,1612,1536,3148,155,1584,1473,3057,153,10078,9461,19539,951,773,619,1392,60,707,624,1331,60,659,526,1185,59,2139,1769,3908,179,15,7,22,2,10,8,18,2,11,12,23,2,0,0,0,0,0,0,0,0,0,0,0,0,36,27,63,6,13948,12843,26791,1347
50030000,สพป.เชียงใหม่ เขต 3,382,315,697,51,1610,1446,3056,176,1917,1721,3638,185,3909,3482,7391,412,2814,2579,5393,234,2822,2668,5490,236,2817,2543,5360,228,2488,2390,4878,218,2353,2195,4548,208,2223,2066,4289,203,15517,14441,29958,1327,1342,1272,2614,97,1170,1168,2338,92,909,975,1884,83,3421,3415,6836,272,37,34,71,5,27,34,61,5,27,28,55,5,0,0,0,0,0,0,0,0,0,0,0,0,91,96,187,15,22938,21434,44372,2026
50040000,สพป.เชียงใหม่ เขต 4,164,152,316,21,609,583,1192,79,751,663,1414,87,1524,1398,2922,187,1246,1098,2344,107,1293,1102,2395,110,1256,1110,2366,108,1173,1032,2205,104,1058,967,2025,101,994,947,1941,100,7020,6256,13276,630,396,288,684,31,375,286,661,30,353,270,623,29,1124,844,1968,90,24,27,51,3,21,25,46,3,13,36,49,3,0,0,0,0,0,0,0,0,0,0,0,0,58,88,146,9,9726,8586,18312,916
50050000,สพป.เชียงใหม่ เขต 5,21,20,41,3,461,428,889,94,506,498,1004,98,988,946,1934,195,640,635,1275,108,717,618,1335,108,701,676,1377,110,729,692,1421,114,731,722,1453,110,829,727,1556,110,4347,4070,8417,660,398,375,773,38,420,409,829,41,346,313,659,39,1164,1097,2261,118,11,3,14,1,3,9,12,1,0,12,12,1,0,0,0,0,0,0,0,0,0,0,0,0,14,24,38,3,6513,6137,12650,976
50060000,สพป.เชียงใหม่ เขต 6,62,58,120,12,566,554,1120,91,663,630,1293,100,1291,1242,2533,203,794,758,1552,112,873,830,1703,112,833,803,1636,110,761,761,1522,107,797,707,1504,105,784,730,1514,106,4842,4589,9431,652,312,211,523,31,295,255,550,32,288,236,524,31,895,702,1597,94,14,18,32,4,28,18,46,4,27,24,51,4,0,0,0,0,0,0,0,0,0,0,0,0,69,60,129,12,7097,6593,13690,961
51010000,สพป.ลำพูน เขต 1,168,167,335,27,482,441,923,82,545,540,1085,83,1195,1148,2343,192,798,736,1534,93,839,799,1638,89,807,736,1543,90,795,696,1491,88,737,699,1436,88,730,711,1441,88,4706,4377,9083,536,159,152,311,19,159,129,288,20,144,134,278,20,462,415,877,59,0,0,0,0,0,0,0,0,0,0,0,0,0,0,0,0,0,0,0,0,0,0,0,0,0,0,0,0,6363,5940,12303,787
51020000,สพป.ลำพูน เขต 2,104,98,202,26,429,339,768,78,435,402,837,80,968,839,1807,184,561,543,1104,84,546,529,1075,84,599,475,1074,84,535,507,1042,83,540,560,1100,84,597,501,1098,83,3378,3115,6493,502,219,185,404,22,210,218,428,22,166,221,387,22,595,624,1219,66,0,0,0,0,0,0,0,0,0,0,0,0,0,0,0,0,0,0,0,0,0,0,0,0,0,0,0,0,4941,4578,9519,752
52010000,สพป.ลำปาง เขต 1,298,292,590,31,575,524,1099,93,631,581,1212,96,1504,1397,2901,220,822,789,1611,106,881,790,1671,106,924,868,1792,107,948,923,1871,109,979,904,1883,108,930,984,1914,106,5484,5258,10742,642,203,163,366,23,176,172,348,22,192,163,355,22,571,498,1069,67,0,0,0,0,0,0,0,0,0,0,0,0,0,0,0,0,0,0,0,0,0,0,0,0,0,0,0,0,7559,7153,14712,929
52020000,สพป.ลำปาง เขต 2,131,104,235,24,428,360,788,92,430,409,839,96,989,873,1862,212,478,480,958,98,593,528,1121,99,564,537,1101,100,602,531,1133,100,643,577,1220,98,610,573,1183,99,3490,3226,6716,594,210,164,374,27,240,181,421,28,201,166,367,28,651,511,1162,83,0,0,0,0,0,0,0,0,0,0,0,0,0,0,0,0,0,0,0,0,0,0,0,0,0,0,0,0,5130,4610,9740,889
52030000,สพป.ลำปาง เขต 3,0,0,0,0,243,220,463,60,245,233,478,62,488,453,941,122,254,263,517,63,292,269,561,66,313,275,588,66,352,312,664,66,334,311,645,63,356,302,658,67,1901,1732,3633,391,65,51,116,10,68,72,140,10,71,55,126,9,204,178,382,29,0,0,0,0,0,0,0,0,0,0,0,0,0,0,0,0,0,0,0,0,0,0,0,0,0,0,0,0,2593,2363,4956,542
53010000,สพป.อุตรดิตถ์ เขต 1,69,91,160,20,527,540,1067,125,595,509,1104,132,1191,1140,2331,277,651,618,1269,135,720,699,1419,138,776,679,1455,138,799,732,1531,135,824,730,1554,140,897,828,1725,141,4667,4286,8953,827,333,172,505,37,354,239,593,38,286,232,518,37,973,643,1616,112,15,15,30,2,8,16,24,2,13,13,26,2,0,0,0,0,0,0,0,0,0,0,0,0,36,44,80,6,6867,6113,12980,1222
53020000,สพป.อุตรดิตถ์ เขต 2,13,14,27,2,281,236,517,75,279,298,577,74,573,548,1121,151,308,263,571,72,327,312,639,74,335,368,703,73,367,351,718,74,363,365,728,74,435,351,786,76,2135,2010,4145,443,188,142,330,23,178,166,344,23,195,122,317,23,561,430,991,69,0,0,0,0,0,0,0,0,0,0,0,0,0,0,0,0,0,0,0,0,0,0,0,0,0,0,0,0,3269,2988,6257,663
54010000,สพป.แพร่ เขต 1,70,69,139,8,320,315,635,78,369,328,697,78,759,712,1471,164,496,414,910,87,516,483,999,90,533,519,1052,92,534,551,1085,93,600,569,1169,98,617,566,1183,98,3296,3102,6398,558,123,95,218,17,113,88,201,17,119,90,209,17,355,273,628,51,0,0,0,0,0,0,0,0,0,0,0,0,0,0,0,0,0,0,0,0,0,0,0,0,0,0,0,0,4410,4087,8497,773
54020000,สพป.แพร่ เขต 2,19,20,39,6,239,239,478,71,255,261,516,71,513,520,1033,148,400,352,752,90,391,354,745,89,469,383,852,94,449,394,843,95,456,437,893,93,514,473,987,94,2679,2393,5072,555,193,161,354,30,182,176,358,30,208,152,360,29,583,489,1072,89,0,0,0,0,0,0,0,0,0,0,0,0,0,0,0,0,0,0,0,0,0,0,0,0,0,0,0,0,3775,3402,7177,792
55010000,สพป.น่าน เขต 1,84,102,186,15,550,505,1055,107,661,661,1322,127,1295,1268,2563,249,816,785,1601,150,838,846,1684,148,935,844,1779,152,938,903,1841,155,977,880,1857,153,993,921,1914,156,5497,5179,10676,914,236,223,459,34,316,218,534,34,230,213,443,34,782,654,1436,102,0,0,0,0,0,0,0,0,0,0,0,0,0,0,0,0,0,0,0,0,0,0,0,0,0,0,0,0,7574,7101,14675,1265
55020000,สพป.น่าน เขต 2,54,42,96,19,636,651,1287,132,754,684,1438,138,1444,1377,2821,289,840,799,1639,144,837,814,1651,143,902,792,1694,143,916,842,1758,148,933,886,1819,150,964,902,1866,150,5392,5035,10427,878,206,248,454,29,249,251,500,30,199,229,428,32,654,728,1382,91,0,0,0,0,0,0,0,0,0,0,0,0,0,0,0,0,0,0,0,0,0,0,0,0,0,0,0,0,7490,7140,14630,1258
56010000,สพป.พะเยา เขต 1,116,87,203,18,290,263,553,66,317,307,624,71,723,657,1380,155,421,398,819,78,447,413,860,78,466,410,876,78,504,456,960,78,452,475,927,78,546,452,998,77,2836,2604,5440,467,190,118,308,26,186,142,328,26,162,155,317,26,538,415,953,78,0,0,0,0,0,0,0,0,0,0,0,0,0,0,0,0,0,0,0,0,0,0,0,0,0,0,0,0,4097,3676,7773,700
56020000,สพป.พะเยา เขต 2,26,24,50,9,492,502,994,112,591,501,1092,116,1109,1027,2136,237,660,667,1327,122,768,689,1457,123,786,774,1560,123,801,713,1514,122,801,713,1514,122,828,759,1587,123,4644,4315,8959,735,237,170,407,30,265,238,503,31,238,197,435,31,740,605,1345,92,0,0,0,0,0,0,0,0,0,0,0,0,0,0,0,0,0,0,0,0,0,0,0,0,0,0,0,0,6493,5947,12440,1064
57010000,สพป.เชียงราย เขต 1,182,158,340,33,689,663,1352,107,730,783,1513,110,1601,1604,3205,250,1364,1264,2628,138,1413,1348,2761,139,1485,1317,2802,141,1364,1225,2589,135,1292,1189,2481,133,1260,1135,2395,130,8178,7478,15656,816,322,257,579,29,303,251,554,28,240,257,497,28,865,765,1630,85,0,0,0,0,0,0,0,0,0,0,0,0,0,0,0,0,0,0,0,0,0,0,0,0,0,0,0,0,10644,9847,20491,1151
57020000,สพป.เชียงราย เขต 2,226,193,419,56,856,841,1697,148,971,931,1902,155,2053,1965,4018,359,1233,1165,2398,158,1268,1217,2485,158,1308,1205,2513,162,1260,1067,2327,155,1202,1128,2330,157,1194,1165,2359,161,7465,6947,14412,951,601,462,1063,59,576,487,1063,56,523,432,955,54,1700,1381,3081,169,0,0,0,0,0,0,0,0,0,0,0,0,0,0,0,0,0,0,0,0,0,0,0,0,0,0,0,0,11218,10293,21511,1479
57030000,สพป.เชียงราย เขต 3,252,232,484,35,1256,1232,2488,152,1411,1403,2814,161,2919,2867,5786,348,2225,2135,4360,193,2285,2190,4475,193,2168,2166,4334,195,2014,2072,4086,189,1737,1666,3403,180,1811,1650,3461,179,12240,11879,24119,1129,1187,1033,2220,89,1083,999,2082,86,926,917,1843,82,3196,2949,6145,257,200,267,467,18,151,203,354,17,187,195,382,18,0,0,0,0,0,0,0,0,0,0,0,0,538,665,1203,53,18893,18360,37253,1787
57040000,สพป.เชียงราย เขต 4,109,103,212,24,845,726,1571,136,834,811,1645,139,1788,1640,3428,299,1039,896,1935,145,1073,999,2072,140,1025,933,1958,141,1019,1015,2034,139,1079,984,2063,142,1145,955,2100,140,6380,5782,12162,847,457,432,889,44,439,432,871,44,378,358,736,43,1274,1222,2496,131,0,0,0,0,0,0,0,0,0,0,0,0,0,0,0,0,0,0,0,0,0,0,0,0,0,0,0,0,9442,8644,18086,1277
58010000,สพป.แม่ฮ่องสอน เขต 1,79,84,163,31,693,627,1320,134,689,663,1352,132,1461,1374,2835,297,890,825,1715,142,884,756,1640,137,864,847,1711,137,834,798,1632,135,818,764,1582,135,812,790,1602,133,5102,4780,9882,819,290,251,541,31,256,230,486,31,263,196,459,31,809,677,1486,93,0,0,0,0,0,0,0,0,0,0,0,0,0,0,0,0,0,0,0,0,0,0,0,0,0,0,0,0,7372,6831,14203,1209
58020000,สพป.แม่ฮ่องสอน เขต 2,206,210,416,69,673,589,1262,168,667,718,1385,170,1546,1517,3063,407,888,792,1680,179,798,829,1627,176,940,823,1763,177,934,860,1794,172,918,841,1759,176,816,818,1634,168,5294,4963,10257,1048,558,542,1100,53,528,577,1105,53,478,514,992,52,1564,1633,3197,158,99,138,237,9,38,61,99,6,46,92,138,6,0,0,0,0,0,0,0,0,0,0,0,0,183,291,474,21,8587,8404,16991,1634
60010000,สพป.นครสวรรค์ เขต 1,114,126,240,45,704,682,1386,158,703,715,1418,154,1521,1523,3044,357,861,763,1624,159,868,829,1697,167,999,865,1864,161,995,861,1856,164,1019,952,1971,158,1038,929,1967,168,5780,5199,10979,977,413,258,671,36,401,248,649,36,359,286,645,37,1173,792,1965,109,0,0,0,0,0,0,0,0,0,0,0,0,0,0,0,0,0,0,0,0,0,0,0,0,0,0,0,0,8474,7514,15988,1443
60020000,สพป.นครสวรรค์ เขต 2,130,127,257,47,706,624,1330,143,726,709,1435,139,1562,1460,3022,329,866,725,1591,146,871,788,1659,146,987,843,1830,148,962,877,1839,147,1056,980,2036,148,1078,1001,2079,149,5820,5214,11034,884,398,340,738,43,488,393,881,45,439,373,812,45,1325,1106,2431,133,3,7,10,1,13,5,18,1,3,6,9,2,0,0,0,0,0,0,0,0,0,0,0,0,19,18,37,4,8726,7798,16524,1350
60030000,สพป.นครสวรรค์ เขต 3,97,100,197,37,715,647,1362,175,818,733,1551,180,1630,1480,3110,392,812,832,1644,184,952,812,1764,182,999,908,1907,189,1058,903,1961,187,1052,980,2032,192,1150,972,2122,194,6023,5407,11430,1128,400,267,667,42,372,284,656,41,369,298,667,41,1141,849,1990,124,0,0,0,0,0,0,0,0,0,0,0,0,0,0,0,0,0,0,0,0,0,0,0,0,0,0,0,0,8794,7736,16530,1644
61010000,สพป.อุทัยธานี เขต 1,51,52,103,13,332,294,626,69,374,321,695,70,757,667,1424,152,423,342,765,71,467,429,896,72,434,428,862,74,487,402,889,73,452,471,923,71,473,473,946,74,2736,2545,5281,435,128,80,208,18,130,112,242,18,113,89,202,18,371,281,652,54,0,0,0,0,0,0,0,0,0,0,0,0,0,0,0,0,0,0,0,0,0,0,0,0,0,0,0,0,3864,3493,7357,641
61020000,สพป.อุทัยธานี เขต 2,47,37,84,14,706,626,1332,123,694,692,1386,128,1447,1355,2802,265,836,730,1566,131,868,817,1685,132,880,833,1713,133,902,892,1794,132,955,872,1827,132,956,956,1912,135,5397,5100,10497,795,280,213,493,32,290,262,552,33,285,194,479,31,855,669,1524,96,0,0,0,0,0,0,0,0,0,0,0,0,0,0,0,0,0,0,0,0,0,0,0,0,0,0,0,0,7699,7124,14823,1156
62010000,สพป.กำแพงเพชร เขต 1,264,224,488,64,1051,1057,2108,205,1088,1041,2129,203,2403,2322,4725,472,1352,1248,2600,216,1488,1212,2700,217,1486,1285,2771,218,1526,1413,2939,216,1524,1427,2951,219,1697,1472,3169,220,9073,8057,17130,1306,459,400,859,50,529,376,905,49,431,358,789,49,1419,1134,2553,148,0,0,0,0,0,0,0,0,0,0,0,0,0,0,0,0,0,0,0,0,0,0,0,0,0,0,0,0,12895,11513,24408,1926
62020000,สพป.กำแพงเพชร เขต 2,229,213,442,75,758,637,1395,182,750,731,1481,180,1737,1581,3318,437,881,735,1616,178,932,849,1781,180,1018,839,1857,180,1012,891,1903,182,1033,879,1912,180,1125,1009,2134,182,6001,5202,11203,1082,486,307,793,48,483,368,851,47,399,325,724,48,1368,1000,2368,143,0,0,0,0,0,0,0,0,0,0,0,0,0,0,0,0,0,0,0,0,0,0,0,0,0,0,0,0,9106,7783,16889,1662
63010000,สพป.ตาก เขต 1,99,97,196,15,556,521,1077,99,602,543,1145,98,1257,1161,2418,212,674,654,1328,103,678,633,1311,105,716,682,1398,108,709,660,1369,105,801,703,1504,108,699,701,1400,104,4277,4033,8310,633,384,261,645,34,361,293,654,34,317,267,584,32,1062,821,1883,100,0,0,0,0,0,0,0,0,0,0,0,0,0,0,0,0,0,0,0,0,0,0,0,0,0,0,0,0,6596,6015,12611,945
63020000,สพป.ตาก เขต 2,154,146,300,25,2512,2338,4850,239,2614,2414,5028,248,5280,4898,10178,512,3250,2996,6246,255,3087,2911,5998,255,2914,3011,5925,252,2889,2829,5718,224,2774,2703,5477,217,2593,2621,5214,208,17507,17071,34578,1411,1652,1849,3501,110,1420,1740,3160,113,1208,1447,2655,102,4280,5036,9316,325,307,461,768,24,258,345,603,23,227,340,567,23,0,0,0,0,0,0,0,0,0,0,0,0,792,1146,1938,70,27859,28151,56010,2318
64010000,สพป.สุโขทัย เขต 1,42,31,73,7,595,641,1236,124,668,606,1274,121,1305,1278,2583,252,737,703,1440,125,805,828,1633,127,880,812,1692,126,950,901,1851,130,996,902,1898,129,1083,916,1999,130,5451,5062,10513,767,307,247,554,31,351,261,612,31,359,227,586,31,1017,735,1752,93,0,0,0,0,0,0,0,0,0,0,0,0,0,0,0,0,0,0,0,0,0,0,0,0,0,0,0,0,7773,7075,14848,1112
64020000,สพป.สุโขทัย เขต 2,162,125,287,54,558,552,1110,142,634,623,1257,149,1354,1300,2654,345,809,728,1537,148,858,803,1661,156,965,882,1847,155,1021,948,1969,161,1087,954,2041,162,1128,1007,2135,162,5868,5322,11190,944,331,255,586,36,332,288,620,36,306,239,545,35,969,782,1751,107,0,0,0,0,0,0,0,0,0,0,0,0,0,0,0,0,0,0,0,0,0,0,0,0,0,0,0,0,8191,7404,15595,1396
65010000,สพป.พิษณุโลก เขต 1,120,136,256,38,636,596,1232,111,741,662,1403,112,1497,1394,2891,261,930,893,1823,125,960,949,1909,123,1115,982,2097,124,1104,995,2099,125,1092,1111,2203,125,1183,1099,2282,125,6384,6029,12413,747,448,349,797,43,485,339,824,43,482,392,874,44,1415,1080,2495,130,12,22,34,1,11,13,24,1,9,13,22,1,0,0,0,0,0,0,0,0,0,0,0,0,32,48,80,3,9328,8551,17879,1141
65020000,สพป.พิษณุโลก เขต 2,135,113,248,38,714,606,1320,124,689,637,1326,124,1538,1356,2894,286,743,672,1415,127,833,756,1589,128,858,798,1656,128,850,809,1659,128,951,888,1839,128,932,966,1898,131,5167,4889,10056,770,558,531,1089,60,558,482,1040,59,536,459,995,59,1652,1472,3124,178,0,0,0,0,0,0,0,0,0,0,0,0,0,0,0,0,0,0,0,0,0,0,0,0,0,0,0,0,8357,7717,16074,1234
65030000,สพป.พิษณุโลก เขต 3,73,65,138,20,760,708,1468,154,680,708,1388,155,1513,1481,2994,329,874,780,1654,159,916,851,1767,161,934,924,1858,162,887,966,1853,163,969,885,1854,160,971,937,1908,164,5551,5343,10894,969,565,383,948,69,570,445,1015,70,571,420,991,70,1706,1248,2954,209,22,24,46,4,10,19,29,4,12,23,35,4,0,0,0,0,0,0,0,0,0,0,0,0,44,66,110,12,8814,8138,16952,1519
66010000,สพป.พิจิตร เขต 1,143,153,296,37,523,461,984,120,594,532,1126,122,1260,1146,2406,279,665,612,1277,128,703,698,1401,128,773,709,1482,133,808,762,1570,131,856,747,1603,130,929,792,1721,132,4734,4320,9054,782,345,250,595,37,332,259,591,37,324,284,608,36,1001,793,1794,110,8,5,13,1,8,12,20,1,11,4,15,1,0,0,0,0,0,0,0,0,0,0,0,0,27,21,48,3,7022,6280,13302,1174
66020000,สพป.พิจิตร เขต 2,123,137,260,39,519,534,1053,107,561,539,1100,109,1203,1210,2413,255,674,609,1283,111,676,566,1242,111,739,707,1446,116,768,703,1471,114,805,752,1557,114,882,782,1664,120,4544,4119,8663,686,368,305,673,44,375,315,690,44,394,276,670,44,1137,896,2033,132,0,0,0,0,0,0,0,0,0,0,0,0,0,0,0,0,0,0,0,0,0,0,0,0,0,0,0,0,6884,6225,13109,1073
67010000,สพป.เพชรบูรณ์ เขต 1,100,74,174,26,611,583,1194,108,649,642,1291,110,1360,1299,2659,244,866,799,1665,116,901,802,1703,116,938,824,1762,116,953,883,1836,119,985,960,1945,118,945,948,1893,118,5588,5216,10804,703,496,381,877,44,479,408,887,44,485,357,842,46,1460,1146,2606,134,0,0,0,0,0,0,0,0,0,0,0,0,0,0,0,0,0,0,0,0,0,0,0,0,0,0,0,0,8408,7661,16069,1081
67020000,สพป.เพชรบูรณ์ เขต 2,152,164,316,45,689,684,1373,118,720,699,1419,121,1561,1547,3108,284,812,739,1551,122,801,805,1606,124,870,775,1645,123,892,832,1724,124,921,840,1761,124,876,878,1754,123,5172,4869,10041,740,506,399,905,52,513,413,926,55,462,423,885,53,1481,1235,2716,160,127,123,250,10,119,103,222,10,93,120,213,10,0,0,0,0,0,0,0,0,0,0,0,0,339,346,685,30,8553,7997,16550,1214
67030000,สพป.เพชรบูรณ์ เขต 3,266,250,516,78,837,795,1632,184,967,891,1858,186,2070,1936,4006,448,1044,928,1972,189,1154,1002,2156,189,1207,1118,2325,192,1223,1114,2337,191,1332,1145,2477,192,1353,1224,2577,191,7313,6531,13844,1144,771,537,1308,72,767,613,1380,74,702,596,1298,74,2240,1746,3986,220,11,14,25,1,11,24,35,1,14,16,30,1,0,0,0,0,0,0,0,0,0,0,0,0,36,54,90,3,11659,10267,21926,1815
70010000,สพป.ราชบุรี เขต 1,260,245,505,57,1326,1237,2563,188,1460,1341,2801,192,3046,2823,5869,437,1835,1649,3484,204,1889,1723,3612,203,2016,1780,3796,207,1949,1805,3754,205,1896,1720,3616,202,1875,1755,3630,202,11460,10432,21892,1223,638,504,1142,41,579,515,1094,42,561,491,1052,42,1778,1510,3288,125,0,0,0,0,0,0,0,0,0,0,0,0,0,0,0,0,0,0,0,0,0,0,0,0,0,0,0,0,16284,14765,31049,1785
70020000,สพป.ราชบุรี เขต 2,175,187,362,39,958,817,1775,145,1021,847,1868,149,2154,1851,4005,333,1172,1108,2280,151,1211,1049,2260,152,1249,1088,2337,153,1238,1030,2268,153,1092,1027,2119,153,1098,1053,2151,152,7060,6355,13415,914,364,278,642,39,391,303,694,41,343,293,636,38,1098,874,1972,118,0,0,0,0,0,0,0,0,0,0,0,0,0,0,0,0,0,0,0,0,0,0,0,0,0,0,0,0,10312,9080,19392,1365
71010000,สพป.กาญจนบุรี เขต 1,252,295,547,49,927,904,1831,140,970,921,1891,142,2149,2120,4269,331,1102,1050,2152,142,1083,1034,2117,137,1219,1127,2346,146,1208,1070,2278,143,1246,1143,2389,146,1265,1153,2418,148,7123,6577,13700,862,500,428,928,41,462,369,831,39,452,365,817,39,1414,1162,2576,119,0,0,0,0,0,0,0,0,0,0,0,0,0,0,0,0,0,0,0,0,0,0,0,0,0,0,0,0,10686,9859,20545,1312
71020000,สพป.กาญจนบุรี เขต 2,221,217,438,48,563,528,1091,101,594,594,1188,100,1378,1339,2717,249,701,688,1389,103,764,676,1440,104,793,723,1516,106,759,710,1469,102,802,776,1578,103,820,746,1566,106,4639,4319,8958,624,370,289,659,32,369,307,676,32,302,277,579,32,1041,873,1914,96,38,42,80,2,23,24,47,2,24,22,46,2,0,0,0,0,0,0,0,0,0,0,0,0,85,88,173,6,7143,6619,13762,975
71030000,สพป.กาญจนบุรี เขต 3,238,235,473,33,978,925,1903,105,1093,1043,2136,109,2309,2203,4512,247,1387,1276,2663,117,1529,1476,3005,122,1583,1444,3027,121,1432,1355,2787,113,1291,1236,2527,110,1233,1200,2433,108,8455,7987,16442,691,683,595,1278,43,677,706,1383,43,574,573,1147,41,1934,1874,3808,127,101,114,215,8,96,88,184,7,73,89,162,8,0,0,0,0,0,0,0,0,0,0,0,0,270,291,561,23,12968,12355,25323,1088
71040000,สพป.กาญจนบุรี เขต 4,161,175,336,35,550,518,1068,95,623,569,1192,98,1334,1262,2596,228,714,639,1353,98,688,646,1334,98,752,676,1428,97,731,654,1385,96,769,678,1447,98,838,735,1573,98,4492,4028,8520,585,368,332,700,32,390,327,717,32,304,304,608,31,1062,963,2025,95,17,13,30,1,11,13,24,1,1,9,10,1,0,0,0,0,0,0,0,0,0,0,0,0,29,35,64,3,6917,6288,13205,911
72010000,สพป.สุพรรณบุรี เขต 1,14,16,30,5,695,693,1388,138,769,669,1438,140,1478,1378,2856,283,872,789,1661,141,922,855,1777,144,993,942,1935,143,1004,875,1879,144,1131,1004,2135,146,1035,1040,2075,144,5957,5505,11462,862,248,162,410,25,228,156,384,25,205,184,389,25,681,502,1183,75,0,0,0,0,0,0,0,0,0,0,0,0,0,0,0,0,0,0,0,0,0,0,0,0,0,0,0,0,8116,7385,15501,1220
72020000,สพป.สุพรรณบุรี เขต 2,131,159,290,41,765,769,1534,139,847,824,1671,140,1743,1752,3495,320,923,974,1897,143,1014,984,1998,144,1017,986,2003,141,1090,960,2050,142,1082,1063,2145,143,1185,1013,2198,141,6311,5980,12291,854,275,228,503,29,272,198,470,28,325,221,546,28,872,647,1519,85,0,0,0,0,0,0,0,0,0,0,0,0,0,0,0,0,0,0,0,0,0,0,0,0,0,0,0,0,8926,8379,17305,1259
72030000,สพป.สุพรรณบุรี เขต 3,222,207,429,59,630,579,1209,130,721,691,1412,133,1573,1477,3050,322,860,829,1689,145,985,862,1847,144,947,889,1836,143,979,943,1922,144,996,923,1919,143,1095,1010,2105,146,5862,5456,11318,865,235,139,374,27,225,147,372,27,208,143,351,26,668,429,1097,80,0,0,0,0,0,0,0,0,0,0,0,0,0,0,0,0,0,0,0,0,0,0,0,0,0,0,0,0,8103,7362,15465,1267
73010000,สพป.นครปฐม เขต 1,481,452,933,64,1287,1214,2501,154,1371,1405,2776,155,3139,3071,6210,373,1761,1548,3309,161,1774,1688,3462,163,1864,1786,3650,166,1734,1697,3431,163,1794,1670,3464,168,1764,1647,3411,166,10691,10036,20727,987,418,270,688,26,424,303,727,29,364,321,685,27,1206,894,2100,82,0,0,0,0,0,0,0,0,0,0,0,0,0,0,0,0,0,0,0,0,0,0,0,0,0,0,0,0,15036,14001,29037,1442
73020000,สพป.นครปฐม เขต 2,151,194,345,23,1279,1216,2495,148,1419,1347,2766,150,2849,2757,5606,321,1722,1506,3228,146,1680,1541,3221,148,1744,1554,3298,149,1621,1515,3136,146,1584,1473,3057,142,1535,1464,2999,146,9886,9053,18939,877,467,359,826,35,502,425,927,35,415,384,799,33,1384,1168,2552,103,0,0,0,0,0,0,0,0,0,0,0,0,0,0,0,0,0,0,0,0,0,0,0,0,0,0,0,0,14119,12978,27097,1301
74010000,สพป.สมุทรสาคร,469,444,913,49,1693,1675,3368,160,1844,1794,3638,162,4006,3913,7919,371,2774,2579,5353,188,2715,2418,5133,184,2728,2466,5194,182,2533,2197,4730,177,2344,2152,4496,171,2179,2009,4188,168,15273,13821,29094,1070,749,541,1290,47,764,595,1359,48,746,572,1318,48,2259,1708,3967,143,23,21,44,2,10,29,39,2,18,21,39,2,0,0,0,0,0,0,0,0,0,0,0,0,51,71,122,6,21589,19513,41102,1590
75010000,สพป.สมุทรสงคราม,20,32,52,7,338,416,754,67,427,411,838,66,785,859,1644,140,492,488,980,70,522,482,1004,71,626,547,1173,73,542,472,1014,70,558,498,1056,73,564,516,1080,75,3304,3003,6307,432,125,100,225,15,132,96,228,15,131,98,229,16,388,294,682,46,0,0,0,0,0,0,0,0,0,0,0,0,0,0,0,0,0,0,0,0,0,0,0,0,0,0,0,0,4477,4156,8633,618
76010000,สพป.เพชรบุรี เขต 1,35,32,67,9,415,403,818,87,425,449,874,88,875,884,1759,184,680,664,1344,99,801,653,1454,98,796,729,1525,99,758,706,1464,101,702,717,1419,97,784,680,1464,99,4521,4149,8670,593,98,84,182,13,102,70,172,13,96,77,173,13,296,231,527,39,0,0,0,0,0,0,0,0,0,0,0,0,0,0,0,0,0,0,0,0,0,0,0,0,0,0,0,0,5692,5264,10956,816
76020000,สพป.เพชรบุรี เขต 2,57,58,115,16,579,546,1125,119,695,649,1344,124,1331,1253,2584,259,698,635,1333,123,738,674,1412,127,793,673,1466,124,839,738,1577,122,828,705,1533,125,896,796,1692,126,4792,4221,9013,747,197,156,353,24,230,152,382,24,214,158,372,24,641,466,1107,72,0,0,0,0,0,0,0,0,0,0,0,0,0,0,0,0,0,0,0,0,0,0,0,0,0,0,0,0,6764,5940,12704,1078
77010000,สพป.ประจวบคีรีขันธ์ เขต 1,332,290,622,57,983,943,1926,132,1062,1021,2083,133,2377,2254,4631,322,1455,1298,2753,144,1288,1198,2486,142,1322,1215,2537,143,1297,1245,2542,142,1299,1189,2488,143,1301,1183,2484,144,7962,7328,15290,858,496,327,823,41,500,409,909,41,455,404,859,41,1451,1140,2591,123,49,58,107,3,29,46,75,2,53,45,98,3,0,0,0,0,0,0,0,0,0,0,0,0,131,149,280,8,11921,10871,22792,1311
77020000,สพป.ประจวบคีรีขันธ์ เขต 2,267,248,515,47,680,595,1275,91,728,692,1420,92,1675,1535,3210,230,901,883,1784,96,923,830,1753,97,891,812,1703,96,854,778,1632,96,868,852,1720,96,943,849,1792,99,5380,5004,10384,580,424,358,782,32,439,350,789,34,387,332,719,32,1250,1040,2290,98,25,31,56,3,21,37,58,3,29,23,52,3,0,0,0,0,0,0,0,0,0,0,0,0,75,91,166,9,8380,7670,16050,917
80010000,สพป.นครศรีธรรมราช เขต 1,308,274,582,66,564,518,1082,107,651,607,1258,110,1523,1399,2922,283,1072,967,2039,130,1074,1058,2132,131,1147,965,2112,131,1128,1097,2225,127,1214,995,2209,130,1347,1197,2544,136,6982,6279,13261,785,369,258,627,26,299,231,530,26,256,216,472,25,924,705,1629,77,0,0,0,0,0,0,0,0,0,0,0,0,0,0,0,0,0,0,0,0,0,0,0,0,0,0,0,0,9429,8383,17812,1145
80020000,สพป.นครศรีธรรมราช เขต 2,454,452,906,117,902,864,1766,183,1155,1052,2207,196,2511,2368,4879,496,1580,1466,3046,209,1662,1542,3204,208,1785,1642,3427,215,1803,1701,3504,212,1936,1800,3736,211,1992,1880,3872,216,10758,10031,20789,1271,627,480,1107,61,587,466,1053,57,532,413,945,56,1746,1359,3105,174,0,0,0,0,0,0,0,0,0,0,0,0,0,0,0,0,0,0,0,0,0,0,0,0,0,0,0,0,15015,13758,28773,1941
80030000,สพป.นครศรีธรรมราช เขต 3,306,282,588,78,789,688,1477,185,940,907,1847,195,2035,1877,3912,458,1257,1187,2444,210,1309,1226,2535,206,1418,1352,2770,213,1474,1336,2810,211,1593,1469,3062,215,1667,1563,3230,230,8718,8133,16851,1285,296,234,530,33,292,212,504,33,284,199,483,33,872,645,1517,99,0,0,0,0,0,0,0,0,0,0,0,0,0,0,0,0,0,0,0,0,0,0,0,0,0,0,0,0,11625,10655,22280,1842
80040000,สพป.นครศรีธรรมราช เขต 4,184,210,394,43,490,486,976,113,719,651,1370,126,1393,1347,2740,282,1441,1365,2806,160,1380,1286,2666,155,1481,1403,2884,160,1450,1361,2811,157,1530,1410,2940,158,1525,1440,2965,160,8807,8265,17072,950,447,283,730,33,404,295,699,33,304,236,540,32,1155,814,1969,98,0,0,0,0,0,0,0,0,0,0,0,0,0,0,0,0,0,0,0,0,0,0,0,0,0,0,0,0,11355,10426,21781,1330
81010000,สพป.กระบี่ ,438,431,869,90,1008,1030,2038,184,1354,1288,2642,201,2800,2749,5549,475,1916,1731,3647,231,1906,1846,3752,228,1976,1823,3799,230,1964,1911,3875,230,2109,2015,4124,235,2156,2032,4188,232,12027,11358,23385,1386,584,480,1064,48,538,421,959,48,481,424,905,47,1603,1325,2928,143,0,0,0,0,0,0,0,0,0,0,0,0,0,0,0,0,0,0,0,0,0,0,0,0,0,0,0,0,16430,15432,31862,2004
82010000,สพป.พังงา,264,258,522,45,741,714,1455,128,846,817,1663,128,1851,1789,3640,301,1219,1148,2367,149,1242,1189,2431,152,1249,1143,2392,150,1237,1153,2390,152,1218,1203,2421,149,1240,1167,2407,151,7405,7003,14408,903,396,308,704,37,396,315,711,36,326,261,587,35,1118,884,2002,108,16,19,35,2,4,11,15,2,24,15,39,2,0,0,0,0,0,0,0,0,0,0,0,0,44,45,89,6,10418,9721,20139,1318
83010000,สพป.ภูเก็ต,28,15,43,3,513,506,1019,61,694,639,1333,66,1235,1160,2395,130,1098,1038,2136,77,1153,1078,2231,79,1113,1066,2179,78,1133,979,2112,73,1164,1000,2164,72,1151,1017,2168,77,6812,6178,12990,456,501,388,889,27,471,380,851,26,382,355,737,25,1354,1123,2477,78,26,31,57,2,24,21,45,2,6,30,36,1,0,0,0,0,0,0,0,0,0,0,0,0,56,82,138,5,9457,8543,18000,669
84010000,สพป.สุราษฎร์ธานี เขต 1,459,467,926,63,973,894,1867,120,1178,1077,2255,131,2610,2438,5048,314,1616,1503,3119,153,1679,1619,3298,154,1648,1472,3120,149,1636,1456,3092,145,1557,1499,3056,150,1598,1441,3039,148,9734,8990,18724,899,483,357,840,36,457,351,808,36,388,330,718,34,1328,1038,2366,106,9,6,15,1,3,4,7,1,5,5,10,1,0,0,0,0,0,0,0,0,0,0,0,0,17,15,32,3,13689,12481,26170,1322
84020000,สพป.สุราษฎร์ธานี เขต 2,275,293,568,65,926,883,1809,159,1139,1067,2206,168,2340,2243,4583,392,1689,1555,3244,192,1632,1560,3192,194,1692,1564,3256,195,1613,1482,3095,197,1709,1537,3246,193,1637,1566,3203,194,9972,9264,19236,1165,614,470,1084,54,570,482,1052,52,540,451,991,50,1724,1403,3127,156,54,65,119,6,22,52,74,6,31,27,58,6,0,0,0,0,0,0,0,0,0,0,0,0,107,144,251,18,14143,13054,27197,1731
84030000,สพป.สุราษฎร์ธานี เขต 3,378,345,723,91,700,630,1330,139,881,747,1628,143,1959,1722,3681,373,1282,1236,2518,163,1380,1259,2639,164,1325,1248,2573,161,1321,1256,2577,161,1434,1380,2814,164,1547,1405,2952,167,8289,7784,16073,980,644,413,1057,44,588,423,1011,42,439,348,787,41,1671,1184,2855,127,0,0,0,0,0,0,0,0,0,0,0,0,0,0,0,0,0,0,0,0,0,0,0,0,0,0,0,0,11919,10690,22609,1480
85010000,สพป.ระนอง,178,154,332,27,713,724,1437,82,813,834,1647,85,1704,1712,3416,194,1097,1013,2110,90,1051,1047,2098,92,1026,1039,2065,93,976,899,1875,88,900,875,1775,86,895,879,1774,87,5945,5752,11697,536,317,270,587,27,329,250,579,29,276,244,520,27,922,764,1686,83,0,0,0,0,0,0,0,0,0,0,0,0,0,0,0,0,0,0,0,0,0,0,0,0,0,0,0,0,8571,8228,16799,813
86010000,สพป.ชุมพร เขต 1,216,199,415,47,964,948,1912,125,1128,1084,2212,128,2308,2231,4539,300,1202,1186,2388,133,1285,1205,2490,136,1331,1239,2570,138,1314,1183,2497,139,1252,1219,2471,138,1279,1204,2483,137,7663,7236,14899,821,682,582,1264,54,752,554,1306,57,654,561,1215,54,2088,1697,3785,165,48,71,119,4,40,64,104,4,48,84,132,4,0,0,0,0,0,0,0,0,0,0,0,0,136,219,355,12,12195,11383,23578,1298
86020000,สพป.ชุมพร เขต 2,272,264,536,60,812,732,1544,125,956,868,1824,131,2040,1864,3904,316,1081,1050,2131,135,1136,1059,2195,135,1186,1140,2326,142,1120,1039,2159,138,1133,1033,2166,134,1150,1052,2202,138,6806,6373,13179,822,370,286,656,31,384,294,678,31,355,287,642,33,1109,867,1976,95,0,0,0,0,0,0,0,0,0,0,0,0,0,0,0,0,0,0,0,0,0,0,0,0,0,0,0,0,9955,9104,19059,1233
90010000,สพป.สงขลา เขต 1,142,159,301,60,587,535,1122,123,791,728,1519,134,1520,1422,2942,317,1105,1025,2130,151,1140,1139,2279,153,1300,1141,2441,152,1259,1186,2445,154,1385,1310,2695,156,1393,1337,2730,156,7582,7138,14720,922,171,106,277,17,147,110,257,16,141,128,269,18,459,344,803,51,0,0,0,0,0,0,0,0,0,0,0,0,0,0,0,0,0,0,0,0,0,0,0,0,0,0,0,0,9561,8904,18465,1290
90020000,สพป.สงขลา เขต 2,322,301,623,66,812,789,1601,126,975,949,1924,132,2109,2039,4148,324,1339,1130,2469,148,1388,1215,2603,147,1391,1298,2689,149,1383,1296,2679,146,1501,1349,2850,149,1515,1332,2847,150,8517,7620,16137,889,310,249,559,20,262,214,476,19,204,181,385,19,776,644,1420,58,0,0,0,0,0,0,0,0,0,0,0,0,0,0,0,0,0,0,0,0,0,0,0,0,0,0,0,0,11402,10303,21705,1271
90030000,สพป.สงขลา เขต 3,516,523,1039,116,1234,1168,2402,203,1604,1420,3024,220,3354,3111,6465,539,1942,1801,3743,229,2099,1928,4027,231,2065,1946,4011,231,2026,2010,4036,229,2241,2067,4308,227,2315,2141,4456,229,12688,11893,24581,1376,477,443,920,41,374,374,748,41,360,330,690,41,1211,1147,2358,123,0,0,0,0,0,0,0,0,0,0,0,0,0,0,0,0,0,0,0,0,0,0,0,0,0,0,0,0,17253,16151,33404,2038
91010000,สพป.สตูล,55,76,131,20,990,863,1853,164,1021,933,1954,170,2066,1872,3938,354,1254,1204,2458,169,1327,1316,2643,171,1387,1344,2731,173,1409,1330,2739,172,1566,1447,3013,177,1571,1463,3034,175,8514,8104,16618,1037,463,364,827,45,456,394,850,43,390,312,702,43,1309,1070,2379,131,0,0,0,0,0,0,0,0,0,0,0,0,0,0,0,0,0,0,0,0,0,0,0,0,0,0,0,0,11889,11046,22935,1522
92010000,สพป.ตรัง เขต 1,413,369,782,105,640,600,1240,129,753,730,1483,135,1806,1699,3505,369,977,882,1859,144,1086,936,2022,142,1084,1042,2126,145,1120,1056,2176,143,1196,1136,2332,148,1358,1200,2558,146,6821,6252,13073,868,177,163,340,17,200,128,328,18,171,127,298,18,548,418,966,53,0,0,0,0,0,0,0,0,0,0,0,0,0,0,0,0,0,0,0,0,0,0,0,0,0,0,0,0,9175,8369,17544,1290
92020000,สพป.ตรัง เขต 2,350,327,677,97,601,539,1140,136,718,646,1364,141,1669,1512,3181,374,963,801,1764,144,970,900,1870,143,1063,893,1956,145,1061,1006,2067,142,1159,1038,2197,144,1258,1064,2322,146,6474,5702,12176,864,396,289,685,32,339,310,649,34,321,269,590,30,1056,868,1924,96,12,11,23,1,6,10,16,1,7,9,16,1,0,0,0,0,0,0,0,0,0,0,0,0,25,30,55,3,9224,8112,17336,1337
93010000,สพป.พัทลุง เขต 1,21,19,40,10,498,533,1031,110,584,516,1100,112,1103,1068,2171,232,764,719,1483,116,803,750,1553,118,855,738,1593,118,813,818,1631,120,934,852,1786,119,1021,862,1883,120,5190,4739,9929,711,170,91,261,22,156,105,261,22,142,109,251,22,468,305,773,66,0,0,0,0,0,0,0,0,0,0,0,0,0,0,0,0,0,0,0,0,0,0,0,0,0,0,0,0,6761,6112,12873,1009
93020000,สพป.พัทลุง เขต 2,42,41,83,15,574,612,1186,113,699,644,1343,116,1315,1297,2612,244,815,794,1609,124,900,858,1758,124,956,915,1871,124,944,910,1854,125,1086,973,2059,121,1219,1001,2220,129,5920,5451,11371,747,95,65,160,11,113,74,187,11,95,72,167,11,303,211,514,33,0,0,0,0,0,0,0,0,0,0,0,0,0,0,0,0,0,0,0,0,0,0,0,0,0,0,0,0,7538,6959,14497,1024
94010000,สพป.ปัตตานี เขต 1,742,705,1447,103,1195,1224,2419,153,1371,1309,2680,159,3308,3238,6546,415,1479,1474,2953,161,1600,1493,3093,161,1639,1545,3184,164,1609,1544,3153,162,1623,1534,3157,164,1631,1533,3164,160,9581,9123,18704,972,328,283,611,23,267,230,497,22,228,244,472,21,823,757,1580,66,0,0,0,0,0,0,0,0,0,0,0,0,0,0,0,0,0,0,0,0,0,0,0,0,0,0,0,0,13712,13118,26830,1453
94020000,สพป.ปัตตานี เขต 2,623,649,1272,102,964,922,1886,126,1091,1006,2097,134,2678,2577,5255,362,1148,1071,2219,126,1201,1066,2267,124,1241,1155,2396,124,1207,1150,2357,126,1152,1126,2278,126,1202,1171,2373,126,7151,6739,13890,752,157,137,294,14,124,112,236,14,106,126,232,15,387,375,762,43,0,0,0,0,0,0,0,0,0,0,0,0,0,0,0,0,0,0,0,0,0,0,0,0,0,0,0,0,10216,9691,19907,1157
94030000,สพป.ปัตตานี เขต 3,472,434,906,72,544,518,1062,75,577,536,1113,73,1593,1488,3081,220,611,590,1201,73,580,572,1152,73,705,583,1288,74,637,565,1202,72,629,695,1324,75,646,587,1233,73,3808,3592,7400,440,66,67,133,6,66,55,121,6,62,60,122,6,194,182,376,18,0,0,0,0,0,0,0,0,0,0,0,0,0,0,0,0,0,0,0,0,0,0,0,0,0,0,0,0,5595,5262,10857,678
95010000,สพป.ยะลา เขต 1,594,596,1190,92,949,912,1861,122,1093,990,2083,124,2636,2498,5134,338,1286,1242,2528,129,1260,1187,2447,128,1393,1204,2597,131,1324,1236,2560,131,1368,1275,2643,131,1357,1273,2630,131,7988,7417,15405,781,278,223,501,17,194,189,383,14,215,171,386,14,687,583,1270,45,0,0,0,0,0,0,0,0,0,0,0,0,0,0,0,0,0,0,0,0,0,0,0,0,0,0,0,0,11311,10498,21809,1164
95020000,สพป.ยะลา เขต 2,375,369,744,48,720,676,1396,85,826,757,1583,86,1921,1802,3723,219,880,784,1664,84,808,831,1639,77,851,822,1673,83,816,750,1566,79,906,827,1733,84,875,856,1731,84,5136,4870,10006,491,66,64,130,8,83,61,144,9,60,63,123,8,209,188,397,25,0,0,0,0,0,0,0,0,0,0,0,0,0,0,0,0,0,0,0,0,0,0,0,0,0,0,0,0,7266,6860,14126,735
95030000,สพป.ยะลา เขต 3,164,165,329,20,368,300,668,42,343,360,703,40,875,825,1700,102,399,388,787,41,405,414,819,40,404,371,775,38,414,392,806,40,408,404,812,40,452,429,881,39,2482,2398,4880,238,87,79,166,7,82,71,153,7,74,60,134,7,243,210,453,21,0,0,0,0,0,0,0,0,0,0,0,0,0,0,0,0,0,0,0,0,0,0,0,0,0,0,0,0,3600,3433,7033,361
96010000,สพป.นราธิวาส เขต 1,1211,1142,2353,150,1458,1403,2861,167,1655,1560,3215,171,4324,4105,8429,488,1773,1687,3460,170,1812,1665,3477,171,1848,1730,3578,171,1753,1724,3477,173,1763,1699,3462,173,1829,1782,3611,177,10778,10287,21065,1035,322,268,590,22,254,236,490,20,215,217,432,19,791,721,1512,61,0,0,0,0,0,0,0,0,0,0,0,0,0,0,0,0,0,0,0,0,0,0,0,0,0,0,0,0,15893,15113,31006,1584
96020000,สพป.นราธิวาส เขต 2,439,433,872,63,1092,1135,2227,137,1233,1148,2381,143,2764,2716,5480,343,1423,1307,2730,150,1498,1390,2888,146,1499,1423,2922,144,1557,1478,3035,146,1599,1554,3153,147,1651,1609,3260,152,9227,8761,17988,885,381,412,793,29,317,365,682,27,324,343,667,27,1022,1120,2142,83,0,0,0,0,0,0,0,0,0,0,0,0,0,0,0,0,0,0,0,0,0,0,0,0,0,0,0,0,13013,12597,25610,1311
96030000,สพป.นราธิวาส เขต 3,514,505,1019,57,886,825,1711,95,897,852,1749,94,2297,2182,4479,246,969,925,1894,96,1026,926,1952,94,1022,978,2000,96,1009,900,1909,93,1035,1037,2072,93,1104,1062,2166,97,6165,5828,11993,569,311,289,600,23,266,265,531,23,251,268,519,24,828,822,1650,70,0,0,0,0,0,0,0,0,0,0,0,0,0,0,0,0,0,0,0,0,0,0,0,0,0,0,0,0,9290,8832,18122,885
,,53449,43498,96947,14779,156402,146886,303288,27107,172306,162441,334747,27816,382157,352825,734982,69702,212205,198220,410425,29829,224396,209214,433610,29923,233401,216454,449855,30077,232977,217403,450380,30020,239527,223038,462565,30075,246683,229057,475740,30373,1389189,1293386,2682575,180297,280711,273551,554262,20544,288445,286290,574735,20757,274262,278338,552600,20551,843418,838179,1681597,61852,163245,212714,375959,12264,151062,203619,354681,12108,144591,198461,343052,11830,738,503,1241,85,641,519,1160,85,585,590,1175,87,460862,616406,1077268,36459,3075626,3100796,6176422,348310
